Nome do produto,Variante de produto,SKU,Preço,Quantidade,Vendas brutas,Descontos,Impostos,Total de itens
Fluttering Breeze,Desconhecido,Desconhecido,Desconhecido,11,"R$ 6.344,42","R$ 174,44","R$ 0,00","R$ 6.169,98"
Exalted Bladeform Legacy,Desconhecido,Desconhecido,Desconhecido,52,"R$ 6.031,85","R$ 631,15","R$ 0,00","R$ 5.400,70"
TODAS AS ARCANAS E PERSONAS EXCLUSIVAS,Desconhecido,Desconhecido,Desconhecido,1,"R$ 4.650,00","R$ 0,00","R$ 0,00","R$ 4.650,00"
Fiery Soul of the Slayer,Desconhecido,Desconhecido,Desconhecido,44,"R$ 4.403,39","R$ 272,59","R$ 0,00","R$ 4.130,80"
Frost Avalanche,Desconhecido,Desconhecido,Desconhecido,188,"R$ 14.313,91","R$ 10.433,66","R$ 0,00","R$ 3.880,25"
Tempest Helm of the Thundergod,Desconhecido,Desconhecido,Desconhecido,32,"R$ 4.180,59","R$ 308,40","R$ 0,00","R$ 3.872,19"
Manifold Paradox LVL 3,Desconhecido,Desconhecido,Desconhecido,26,"R$ 3.856,75","R$ 318,40","R$ 0,00","R$ 3.538,35"
Blades of Voth Domosh,Desconhecido,Desconhecido,Desconhecido,30,"R$ 3.780,84","R$ 248,87","R$ 0,00","R$ 3.531,97"
The Resurrection of Shen - Wings,Desconhecido,Desconhecido,Desconhecido,38,"R$ 3.452,88","R$ 81,85","R$ 0,00","R$ 3.371,03"
Manifold Paradox,Desconhecido,Desconhecido,Desconhecido,26,"R$ 3.222,73","R$ 73,09","R$ 0,00","R$ 3.149,64"
Demon Eater,Desconhecido,Desconhecido,Desconhecido,34,"R$ 3.101,81","R$ 295,93","R$ 0,00","R$ 2.805,88"
Exalted The Magus Cypher,Desconhecido,Desconhecido,Desconhecido,22,"R$ 2.898,97","R$ 154,27","R$ 0,00","R$ 2.744,70"
Feast of Abscession,Desconhecido,Desconhecido,Desconhecido,29,"R$ 3.343,74","R$ 621,96","R$ 0,00","R$ 2.721,78"
Vigil Triumph,Desconhecido,Desconhecido,Desconhecido,8,"R$ 2.828,29","R$ 124,52","R$ 0,00","R$ 2.703,77"
The Devotions of Dragonus - Wings,Desconhecido,Desconhecido,Desconhecido,31,"R$ 2.820,18","R$ 157,04","R$ 0,00","R$ 2.663,14"
The King's New Journey,Desconhecido,Desconhecido,Desconhecido,31,"R$ 2.706,44","R$ 72,60","R$ 0,00","R$ 2.633,84"
Inscribed Dragonclaw Hook,Desconhecido,Desconhecido,Desconhecido,3,"R$ 2.581,00","R$ 36,85","R$ 0,00","R$ 2.544,15"
Void + Wind + Shaker + sets raros,Desconhecido,Desconhecido,Desconhecido,1,"R$ 2.700,00","R$ 200,00","R$ 0,00","R$ 2.500,00"
Flockheart's Gamble,Desconhecido,Desconhecido,Desconhecido,16,"R$ 2.496,70","R$ 38,92","R$ 0,00","R$ 2.457,78"
Genuine Weather Ash,Desconhecido,Desconhecido,Desconhecido,44,"R$ 2.416,00","R$ 28,02","R$ 0,00","R$ 2.387,98"
Avowance of the Crimson Witness,Desconhecido,Desconhecido,Desconhecido,1,"R$ 2.385,06","R$ 0,00","R$ 0,00","R$ 2.385,06"
Aberrant Observer,Desconhecido,Desconhecido,Desconhecido,33,"R$ 2.479,52","R$ 146,25","R$ 0,00","R$ 2.333,27"
The Magus Cypher,Desconhecido,Desconhecido,Desconhecido,19,"R$ 2.588,79","R$ 285,26","R$ 0,00","R$ 2.303,53"
Harborblossom of the Crimson Witness,Desconhecido,Desconhecido,Desconhecido,1,"R$ 2.407,50","R$ 120,38","R$ 0,00","R$ 2.287,12"
Dark Artistry Cape,Desconhecido,Desconhecido,Desconhecido,4,"R$ 2.355,87","R$ 83,20","R$ 0,00","R$ 2.272,67"
Sylvan Vedette,Desconhecido,Desconhecido,Desconhecido,12,"R$ 2.378,90","R$ 118,52","R$ 0,00","R$ 2.260,38"
Lash of the Lizard Kin of the Crimson Witness,Desconhecido,Desconhecido,Desconhecido,1,"R$ 2.250,00","R$ 0,00","R$ 0,00","R$ 2.250,00"
Avowance of the Veiled Ones,Desconhecido,Desconhecido,Desconhecido,11,"R$ 2.255,46","R$ 42,21","R$ 0,00","R$ 2.213,25"
Inscribed Blades of Voth Domosh,Desconhecido,Desconhecido,Desconhecido,18,"R$ 2.228,68","R$ 56,05","R$ 0,00","R$ 2.172,63"
Lash of the Lizard Kin,Desconhecido,Desconhecido,Desconhecido,19,"R$ 2.235,05","R$ 65,27","R$ 0,00","R$ 2.169,78"
Fractal Horns of Inner Abysm,Desconhecido,Desconhecido,Desconhecido,16,"R$ 2.163,24","R$ 61,11","R$ 0,00","R$ 2.102,13"
Sullen Harvest,Desconhecido,Desconhecido,Desconhecido,13,"R$ 2.191,98","R$ 148,93","R$ 0,00","R$ 2.043,05"
Bladeform Legacy,Desconhecido,Desconhecido,Desconhecido,19,"R$ 2.535,89","R$ 530,87","R$ 0,00","R$ 2.005,02"
Exalted Manifold Paradox,Desconhecido,Desconhecido,Desconhecido,18,"R$ 2.197,06","R$ 195,55","R$ 0,00","R$ 2.001,51"
Armor of the Demon Trickster,Desconhecido,Desconhecido,Desconhecido,8,"R$ 1.850,76","R$ 16,43","R$ 0,00","R$ 1.834,33"
Secondhand Sorcery,Desconhecido,Desconhecido,Desconhecido,13,"R$ 1.816,10","R$ 5,68","R$ 0,00","R$ 1.810,42"
Maestria Obscura Invoker,Desconhecido,Desconhecido,Desconhecido,3,"R$ 1.803,00","R$ 34,35","R$ 0,00","R$ 1.768,65"
Magus Mimicry,Desconhecido,Desconhecido,Desconhecido,26,"R$ 1.736,25","R$ 12,02","R$ 0,00","R$ 1.724,23"
Genuine Weather Rain,Desconhecido,Desconhecido,Desconhecido,63,"R$ 1.770,00","R$ 57,06","R$ 0,00","R$ 1.712,94"
Exalted Feast of Abscession,Desconhecido,Desconhecido,Desconhecido,19,"R$ 1.775,90","R$ 63,53","R$ 0,00","R$ 1.712,37"
Mace of Aeons,Desconhecido,Desconhecido,Desconhecido,4,"R$ 1.710,77","R$ 1,39","R$ 0,00","R$ 1.709,38"
Weapon of the Ardalan Interdictor,Desconhecido,Desconhecido,Desconhecido,2,"R$ 1.699,59","R$ 0,00","R$ 0,00","R$ 1.699,59"
Monarch of the Sapphire Glen of the Crimson Witness,Desconhecido,Desconhecido,Desconhecido,3,"R$ 1.651,38","R$ 0,00","R$ 0,00","R$ 1.651,38"
FACELESS VOID,Desconhecido,Desconhecido,Desconhecido,1,"R$ 1.599,00","R$ 0,00","R$ 0,00","R$ 1.599,00"
Codicil of the Veiled Ones,Desconhecido,Desconhecido,Desconhecido,21,"R$ 1.559,51","R$ 32,25","R$ 0,00","R$ 1.527,26"
Crystal Colossus,Desconhecido,Desconhecido,Desconhecido,9,"R$ 1.660,50","R$ 147,59","R$ 0,00","R$ 1.512,91"
Turstarkuri Pilgrim,Desconhecido,Desconhecido,Desconhecido,5,"R$ 1.542,00","R$ 53,10","R$ 0,00","R$ 1.488,90"
Great Sage's Reckoning,Desconhecido,Desconhecido,Desconhecido,15,"R$ 1.675,92","R$ 238,83","R$ 0,00","R$ 1.437,09"
Chines of the Inquisitor '(30 dias para envio GIFT),Desconhecido,Desconhecido,Desconhecido,9,"R$ 1.433,00","R$ 45,95","R$ 0,00","R$ 1.387,05"
Widow of the Undermount Gloom,Desconhecido,Desconhecido,Desconhecido,16,"R$ 1.367,60","R$ 4,93","R$ 0,00","R$ 1.362,67"
Stranger in the Wandering Isles '(30 dias para envio GIFT),Desconhecido,Desconhecido,Desconhecido,7,"R$ 1.486,00","R$ 133,14","R$ 0,00","R$ 1.352,86"
Stranger in the Wandering Isles,Desconhecido,Desconhecido,Desconhecido,5,"R$ 1.349,75","R$ 0,00","R$ 0,00","R$ 1.349,75"
Sea Spirit,Desconhecido,Desconhecido,Desconhecido,15,"R$ 1.357,02","R$ 19,62","R$ 0,00","R$ 1.337,40"
Genuine Silent Wake of the Crimson Witness,Desconhecido,Desconhecido,Desconhecido,2,"R$ 1.368,30","R$ 34,76","R$ 0,00","R$ 1.333,54"
Dragonclaw Hook,Desconhecido,Desconhecido,Desconhecido,2,"R$ 1.301,83","R$ 0,00","R$ 0,00","R$ 1.301,83"
Invoker,Desconhecido,Desconhecido,Desconhecido,2,"R$ 1.278,90","R$ 31,50","R$ 0,00","R$ 1.247,40"
Spoils of the Shadowveil '(30 dias para envio GIFT),Desconhecido,Desconhecido,Desconhecido,12,"R$ 1.277,00","R$ 39,50","R$ 0,00","R$ 1.237,50"
Aegis Do Colecionador  The International 2019,Desconhecido,Desconhecido,Desconhecido,2,"R$ 1.440,00","R$ 220,00","R$ 0,00","R$ 1.220,00"
Indomitable Legacy (30 dias para envio GIFT),Desconhecido,Desconhecido,Desconhecido,4,"R$ 1.180,00","R$ 0,00","R$ 0,00","R$ 1.180,00"
Unities of Discord,Desconhecido,Desconhecido,Desconhecido,3,"R$ 1.197,68","R$ 18,90","R$ 0,00","R$ 1.178,78"
Disciple of the Wyrmwrought Flame,Desconhecido,Desconhecido,Desconhecido,2,"R$ 1.188,00","R$ 47,52","R$ 0,00","R$ 1.140,48"
Righteous Thunderbolt,Desconhecido,Desconhecido,Desconhecido,16,"R$ 1.202,08","R$ 64,02","R$ 0,00","R$ 1.138,06"
Signs of the Allfather,Desconhecido,Desconhecido,Desconhecido,6,"R$ 1.129,98","R$ 0,00","R$ 0,00","R$ 1.129,98"
Soul Diffuser,Desconhecido,Desconhecido,Desconhecido,7,"R$ 1.127,69","R$ 17,36","R$ 0,00","R$ 1.110,33"
Ancient Exile,Desconhecido,Desconhecido,Desconhecido,5,"R$ 1.240,60","R$ 150,22","R$ 0,00","R$ 1.090,38"
Beast of Thunder,Desconhecido,Desconhecido,Desconhecido,14,"R$ 1.173,30","R$ 85,33","R$ 0,00","R$ 1.087,97"
Master of the Searing Path '(30 dias para envio GIFT),Desconhecido,Desconhecido,Desconhecido,5,"R$ 1.090,30","R$ 10,40","R$ 0,00","R$ 1.079,90"
Hair of the Survivor,Desconhecido,Desconhecido,Desconhecido,5,"R$ 1.125,00","R$ 45,45","R$ 0,00","R$ 1.079,55"
Axia of Metira,Desconhecido,Desconhecido,Desconhecido,3,"R$ 1.071,42","R$ 0,00","R$ 0,00","R$ 1.071,42"
Spoils of the Shadowveil,Desconhecido,Desconhecido,Desconhecido,6,"R$ 1.137,00","R$ 66,33","R$ 0,00","R$ 1.070,67"
Genuine Weather Aurora,Desconhecido,Desconhecido,Desconhecido,51,"R$ 1.051,10","R$ 35,79","R$ 0,00","R$ 1.015,31"
Silverwurm Sacrifice (30 dias para envio GIFT),Desconhecido,Desconhecido,Desconhecido,8,"R$ 1.031,00","R$ 30,35","R$ 0,00","R$ 1.000,65"
Inscribed Demon Eater,Desconhecido,Desconhecido,Desconhecido,9,"R$ 1.001,98","R$ 20,28","R$ 0,00","R$ 981,70"
Tales of the Ardalan Interdictor,Desconhecido,Desconhecido,Desconhecido,1,"R$ 1.201,26","R$ 240,25","R$ 0,00","R$ 961,01"
Weather Ash,Desconhecido,Desconhecido,Desconhecido,18,"R$ 976,00","R$ 30,29","R$ 0,00","R$ 945,71"
Swine of the Sunken Galley,Desconhecido,Desconhecido,Desconhecido,9,"R$ 942,66","R$ 30,08","R$ 0,00","R$ 912,58"
Origin of the Dark Oath '(30 dias para envio GIFT),Desconhecido,Desconhecido,Desconhecido,6,"R$ 929,50","R$ 20,55","R$ 0,00","R$ 908,95"
Genuine Weather Moonbeam,Desconhecido,Desconhecido,Desconhecido,46,"R$ 948,86","R$ 43,96","R$ 0,00","R$ 904,90"
Dark Behemoth(30 dias para envio GIFT),Desconhecido,Desconhecido,Desconhecido,4,"R$ 916,00","R$ 12,40","R$ 0,00","R$ 903,60"
Exalted Great Sage's Reckoning,Desconhecido,Desconhecido,Desconhecido,8,"R$ 926,90","R$ 32,28","R$ 0,00","R$ 894,62"
Test of the Basilisk Lord,Desconhecido,Desconhecido,Desconhecido,9,"R$ 928,05","R$ 41,30","R$ 0,00","R$ 886,75"
MIRANA,Desconhecido,Desconhecido,Desconhecido,2,"R$ 869,00","R$ 3,00","R$ 0,00","R$ 866,00"
ZEUS,Desconhecido,Desconhecido,Desconhecido,4,"R$ 876,00","R$ 11,55","R$ 0,00","R$ 864,45"
Genuine Weather Pestilence,Desconhecido,Desconhecido,Desconhecido,42,"R$ 870,50","R$ 13,98","R$ 0,00","R$ 856,52"
Beast of the Crimson Ring,Desconhecido,Desconhecido,Desconhecido,6,"R$ 861,78","R$ 7,40","R$ 0,00","R$ 854,38"
Beholden of the Banished Ones '(30 dias para envio GIFT),Desconhecido,Desconhecido,Desconhecido,8,"R$ 904,00","R$ 69,99","R$ 0,00","R$ 834,01"
Doll of the Dead,Desconhecido,Desconhecido,Desconhecido,10,"R$ 879,90","R$ 52,35","R$ 0,00","R$ 827,55"
Inscribed Insatiable Bonesaw,Desconhecido,Desconhecido,Desconhecido,9,"R$ 890,04","R$ 63,48","R$ 0,00","R$ 826,56"
Manifold Paradox LVL3,Desconhecido,Desconhecido,Desconhecido,6,"R$ 840,00","R$ 14,98","R$ 0,00","R$ 825,02"
Genuine Weather Spring,Desconhecido,Desconhecido,Desconhecido,40,"R$ 834,40","R$ 19,43","R$ 0,00","R$ 814,97"
Jagged Honor,Desconhecido,Desconhecido,Desconhecido,5,"R$ 901,10","R$ 86,25","R$ 0,00","R$ 814,85"
Genuine Weather Snow,Desconhecido,Desconhecido,Desconhecido,35,"R$ 821,00","R$ 13,87","R$ 0,00","R$ 807,13"
Awaleb's Trundleweed of the Crimson Witness,Desconhecido,Desconhecido,Desconhecido,1,"R$ 805,02","R$ 0,00","R$ 0,00","R$ 805,02"
Blade of Tears,Desconhecido,Desconhecido,Desconhecido,8,"R$ 865,82","R$ 63,76","R$ 0,00","R$ 802,06"
Snailfire,Desconhecido,Desconhecido,Desconhecido,3,"R$ 801,00","R$ 4,79","R$ 0,00","R$ 796,21"
Vision of the Seraph Scion '(30 dias para envio GIFT),Desconhecido,Desconhecido,Desconhecido,4,"R$ 810,00","R$ 18,50","R$ 0,00","R$ 791,50"
Weather Rain,Desconhecido,Desconhecido,Desconhecido,31,"R$ 828,00","R$ 44,08","R$ 0,00","R$ 783,92"
Exalted Demon Eater,Desconhecido,Desconhecido,Desconhecido,7,"R$ 822,05","R$ 47,50","R$ 0,00","R$ 774,55"
Angel of Vex(30 dias para envio GIFT),Desconhecido,Desconhecido,Desconhecido,3,"R$ 880,90","R$ 117,27","R$ 0,00","R$ 763,63"
Steward of the Forbidden Chamber,Desconhecido,Desconhecido,Desconhecido,4,"R$ 790,25","R$ 27,60","R$ 0,00","R$ 762,65"
MORPHLING,Desconhecido,Desconhecido,Desconhecido,1,"R$ 780,00","R$ 24,70","R$ 0,00","R$ 755,30"
Dirge Amplifier,Desconhecido,Desconhecido,Desconhecido,7,"R$ 762,55","R$ 11,49","R$ 0,00","R$ 751,06"
Scales of the Shadow Walker,Desconhecido,Desconhecido,Desconhecido,5,"R$ 741,05","R$ 14,06","R$ 0,00","R$ 726,99"
Aegis Do Colecionador  The International 2022,Desconhecido,Desconhecido,Desconhecido,1,"R$ 720,00","R$ 0,00","R$ 0,00","R$ 720,00"
Aegis Do Colecionador  The International 2020,Desconhecido,Desconhecido,Desconhecido,1,"R$ 720,00","R$ 0,00","R$ 0,00","R$ 720,00"
Manifold Paradox LVL1 ou 2,Desconhecido,Desconhecido,Desconhecido,6,"R$ 822,00","R$ 106,52","R$ 0,00","R$ 715,48"
Staff of Perplex,Desconhecido,Desconhecido,Desconhecido,16,"R$ 785,88","R$ 73,14","R$ 0,00","R$ 712,74"
Trophies of the Hallowed Hunt,Desconhecido,Desconhecido,Desconhecido,5,"R$ 731,43","R$ 19,80","R$ 0,00","R$ 711,63"
Twilight Schism of the Crimson Witness,Desconhecido,Desconhecido,Desconhecido,1,"R$ 711,00","R$ 0,00","R$ 0,00","R$ 711,00"
Genuine Weather Harvest,Desconhecido,Desconhecido,Desconhecido,35,"R$ 703,00","R$ 11,10","R$ 0,00","R$ 691,90"
The Magus Cypher UNLOCKED,Desconhecido,Desconhecido,Desconhecido,5,"R$ 710,00","R$ 21,50","R$ 0,00","R$ 688,50"
6 arcanas + 3 personas,Desconhecido,Desconhecido,Desconhecido,1,"R$ 699,00","R$ 20,97","R$ 0,00","R$ 678,03"
Beholden of the Banished Ones,Desconhecido,Desconhecido,Desconhecido,4,"R$ 688,00","R$ 13,44","R$ 0,00","R$ 674,56"
Red Sands Marauder '(30 dias para envio GIFT),Desconhecido,Desconhecido,Desconhecido,6,"R$ 678,00","R$ 6,50","R$ 0,00","R$ 671,50"
Horror from the Deep,Desconhecido,Desconhecido,Desconhecido,4,"R$ 680,32","R$ 9,96","R$ 0,00","R$ 670,36"
Ancient Inheritance '(30 dias para envio GIFT),Desconhecido,Desconhecido,Desconhecido,8,"R$ 688,00","R$ 19,00","R$ 0,00","R$ 669,00"
Orb of Deliverance of the Crimson Witness,Desconhecido,Desconhecido,Desconhecido,1,"R$ 668,21","R$ 0,00","R$ 0,00","R$ 668,21"
Crescent Huntress,Desconhecido,Desconhecido,Desconhecido,11,"R$ 673,20","R$ 5,32","R$ 0,00","R$ 667,88"
Phantom's Facade,Desconhecido,Desconhecido,Desconhecido,11,"R$ 667,00","R$ 0,00","R$ 0,00","R$ 667,00"
Shadow in the Deep Armor,Desconhecido,Desconhecido,Desconhecido,1,"R$ 665,00","R$ 0,00","R$ 0,00","R$ 665,00"
Bane of the Deathstalkers - Back,Desconhecido,Desconhecido,Desconhecido,5,"R$ 704,94","R$ 40,24","R$ 0,00","R$ 664,70"
Starlorn Adjudicator,Desconhecido,Desconhecido,Desconhecido,6,"R$ 718,00","R$ 59,43","R$ 0,00","R$ 658,57"
Pisces Gemini,Desconhecido,Desconhecido,Desconhecido,11,"R$ 661,00","R$ 4,11","R$ 0,00","R$ 656,89"
Master of the Searing Path,Desconhecido,Desconhecido,Desconhecido,3,"R$ 663,73","R$ 7,76","R$ 0,00","R$ 655,97"
Brightfist (30 dias de amizade necessário),Desconhecido,Desconhecido,Desconhecido,10,"R$ 727,00","R$ 86,36","R$ 0,00","R$ 640,64"
Flockheart's Gamble UPADA,Desconhecido,Desconhecido,Desconhecido,5,"R$ 791,75","R$ 171,40","R$ 0,00","R$ 620,35"
Eternal Radiance Blades,Desconhecido,Desconhecido,Desconhecido,5,"R$ 635,00","R$ 16,76","R$ 0,00","R$ 618,24"
God's Mercy,Desconhecido,Desconhecido,Desconhecido,8,"R$ 614,00","R$ 8,69","R$ 0,00","R$ 605,31"
Heir of Menace,Desconhecido,Desconhecido,Desconhecido,2,"R$ 635,00","R$ 31,75","R$ 0,00","R$ 603,25"
Brands of the Reaper '(30 dias para envio GIFT),Desconhecido,Desconhecido,Desconhecido,5,"R$ 603,00","R$ 5,70","R$ 0,00","R$ 597,30"
Ardalan Arsonist,Desconhecido,Desconhecido,Desconhecido,9,"R$ 605,40","R$ 8,92","R$ 0,00","R$ 596,48"
Rotten Stache,Desconhecido,Desconhecido,Desconhecido,4,"R$ 724,58","R$ 129,85","R$ 0,00","R$ 594,73"
Bloodmoon Stalker,Desconhecido,Desconhecido,Desconhecido,8,"R$ 607,22","R$ 18,37","R$ 0,00","R$ 588,85"
Voidhammer,Desconhecido,Desconhecido,Desconhecido,7,"R$ 596,95","R$ 8,16","R$ 0,00","R$ 588,79"
Designs of the Dragon,Desconhecido,Desconhecido,Desconhecido,9,"R$ 637,50","R$ 52,06","R$ 0,00","R$ 585,44"
Darktrench Stalker - Back,Desconhecido,Desconhecido,Desconhecido,2,"R$ 579,77","R$ 0,00","R$ 0,00","R$ 579,77"
Silent Slayer '(30 dias para envio GIFT),Desconhecido,Desconhecido,Desconhecido,6,"R$ 588,00","R$ 11,70","R$ 0,00","R$ 576,30"
Magus Accord,Desconhecido,Desconhecido,Desconhecido,8,"R$ 584,45","R$ 15,72","R$ 0,00","R$ 568,73"
Cruelties of the Spiral Bore (30 dias para envio GIFT),Desconhecido,Desconhecido,Desconhecido,4,"R$ 563,40","R$ 0,00","R$ 0,00","R$ 563,40"
Battlefury,Desconhecido,Desconhecido,Desconhecido,6,"R$ 578,55","R$ 15,95","R$ 0,00","R$ 562,60"
Reaper's Wreath,Desconhecido,Desconhecido,Desconhecido,31,"R$ 812,24","R$ 254,78","R$ 0,00","R$ 557,46"
Golden Hydrakan Latch,Desconhecido,Desconhecido,Desconhecido,3,"R$ 554,65","R$ 0,00","R$ 0,00","R$ 554,65"
Exalted Flockheart's Gamble,Desconhecido,Desconhecido,Desconhecido,4,"R$ 567,45","R$ 27,27","R$ 0,00","R$ 540,18"
Velveteen Vanquisher,Desconhecido,Desconhecido,Desconhecido,7,"R$ 549,90","R$ 11,55","R$ 0,00","R$ 538,35"
Shadowleaf Insurgent,Desconhecido,Desconhecido,Desconhecido,3,"R$ 537,00","R$ 0,00","R$ 0,00","R$ 537,00"
Golden Moonfall,Desconhecido,Desconhecido,Desconhecido,9,"R$ 597,86","R$ 63,20","R$ 0,00","R$ 534,66"
Desert Burn Saddle,Desconhecido,Desconhecido,Desconhecido,4,"R$ 549,92","R$ 16,25","R$ 0,00","R$ 533,67"
Exquisite Agonies,Desconhecido,Desconhecido,Desconhecido,18,"R$ 591,00","R$ 57,99","R$ 0,00","R$ 533,01"
Bootblack Brawler,Desconhecido,Desconhecido,Desconhecido,14,"R$ 536,00","R$ 4,24","R$ 0,00","R$ 531,76"
Glory of the Elderflame (30 dias para envio GIFT),Desconhecido,Desconhecido,Desconhecido,4,"R$ 541,70","R$ 12,85","R$ 0,00","R$ 528,85"
Apex Automated,Desconhecido,Desconhecido,Desconhecido,3,"R$ 568,68","R$ 39,84","R$ 0,00","R$ 528,84"
Shadowleaf Insurgent '(30 dias para envio GIFT),Desconhecido,Desconhecido,Desconhecido,5,"R$ 533,00","R$ 9,70","R$ 0,00","R$ 523,30"
Interstellar Astrarium,Desconhecido,Desconhecido,Desconhecido,9,"R$ 527,00","R$ 3,92","R$ 0,00","R$ 523,08"
Worship of the Whispered Wing,Desconhecido,Desconhecido,Desconhecido,7,"R$ 525,00","R$ 2,70","R$ 0,00","R$ 522,30"
Blistering Shade,Desconhecido,Desconhecido,Desconhecido,13,"R$ 595,68","R$ 75,41","R$ 0,00","R$ 520,27"
Endless Night,Desconhecido,Desconhecido,Desconhecido,3,"R$ 522,17","R$ 9,59","R$ 0,00","R$ 512,58"
Test of the Basilisk Lord '(30 dias para envio GIFT),Desconhecido,Desconhecido,Desconhecido,6,"R$ 517,00","R$ 6,70","R$ 0,00","R$ 510,30"
Secrets of the Frost Singularity,Desconhecido,Desconhecido,Desconhecido,5,"R$ 539,49","R$ 31,73","R$ 0,00","R$ 507,76"
Days of the Demon '(30 dias para envio GIFT),Desconhecido,Desconhecido,Desconhecido,4,"R$ 519,00","R$ 12,20","R$ 0,00","R$ 506,80"
Exalted Tempest Helm of the Thundergod,Desconhecido,Desconhecido,Desconhecido,4,"R$ 504,59","R$ 0,00","R$ 0,00","R$ 504,59"
Pyrexae Polymorph Perfected,Desconhecido,Desconhecido,Desconhecido,3,"R$ 513,80","R$ 13,63","R$ 0,00","R$ 500,17"
Aegis Do Colecionador - The International 2019,Desconhecido,Desconhecido,Desconhecido,1,"R$ 500,00","R$ 0,00","R$ 0,00","R$ 500,00"
Aegis Do Colecionador - The International 2020,Desconhecido,Desconhecido,Desconhecido,1,"R$ 500,00","R$ 0,00","R$ 0,00","R$ 500,00"
Aegis Do Colecionador - The International 2017,Desconhecido,Desconhecido,Desconhecido,1,"R$ 500,00","R$ 0,00","R$ 0,00","R$ 500,00"
Aegis Do Colecionador - The International 2018,Desconhecido,Desconhecido,Desconhecido,1,"R$ 500,00","R$ 0,00","R$ 0,00","R$ 500,00"
Auspicious Battlefury,Desconhecido,Desconhecido,Desconhecido,7,"R$ 499,22","R$ 4,67","R$ 0,00","R$ 494,55"
Soul Shredder,Desconhecido,Desconhecido,Desconhecido,5,"R$ 516,91","R$ 26,82","R$ 0,00","R$ 490,09"
Creed of the Skullhound '(30 dias para envio GIFT),Desconhecido,Desconhecido,Desconhecido,5,"R$ 508,00","R$ 21,75","R$ 0,00","R$ 486,25"
Silver Squall,Desconhecido,Desconhecido,Desconhecido,3,"R$ 486,36","R$ 5,27","R$ 0,00","R$ 481,09"
JUGGERNAUT,Desconhecido,Desconhecido,Desconhecido,1,"R$ 479,00","R$ 0,00","R$ 0,00","R$ 479,00"
Talons of the Endless Storm,Desconhecido,Desconhecido,Desconhecido,3,"R$ 486,00","R$ 8,10","R$ 0,00","R$ 477,90"
Grasping Bludgeon,Desconhecido,Desconhecido,Desconhecido,11,"R$ 527,25","R$ 51,00","R$ 0,00","R$ 476,25"
Silent Wake,Desconhecido,Desconhecido,Desconhecido,8,"R$ 527,81","R$ 57,10","R$ 0,00","R$ 470,71"
Blacksail Cannoneer '(30 dias para envio GIFT),Desconhecido,Desconhecido,Desconhecido,6,"R$ 568,64","R$ 99,66","R$ 0,00","R$ 468,98"
Stranger in the Wandering Isles (30 dias para envio GIFT),Desconhecido,Desconhecido,Desconhecido,3,"R$ 530,10","R$ 61,83","R$ 0,00","R$ 468,27"
Little Red,Desconhecido,Desconhecido,Desconhecido,9,"R$ 479,00","R$ 15,80","R$ 0,00","R$ 463,20"
TERRORBLADE,Desconhecido,Desconhecido,Desconhecido,1,"R$ 483,00","R$ 24,15","R$ 0,00","R$ 458,85"
March of the Crackerjack Mage,Desconhecido,Desconhecido,Desconhecido,4,"R$ 454,50","R$ 3,93","R$ 0,00","R$ 450,57"
Lineage of the Stormlords (30 dias para envio GIFT),Desconhecido,Desconhecido,Desconhecido,3,"R$ 450,00","R$ 0,00","R$ 0,00","R$ 450,00"
Sullen Hollow,Desconhecido,Desconhecido,Desconhecido,7,"R$ 470,77","R$ 21,55","R$ 0,00","R$ 449,22"
Sullen Rampart,Desconhecido,Desconhecido,Desconhecido,12,"R$ 495,68","R$ 46,69","R$ 0,00","R$ 448,99"
Chines of the Inquisitor(30 dias para envio GIFT),Desconhecido,Desconhecido,Desconhecido,7,"R$ 461,00","R$ 12,55","R$ 0,00","R$ 448,45"
Bane of the Deathstalkers,Desconhecido,Desconhecido,Desconhecido,2,"R$ 494,00","R$ 47,00","R$ 0,00","R$ 447,00"
Proselyte of the Sakura Clan,Desconhecido,Desconhecido,Desconhecido,8,"R$ 452,50","R$ 6,00","R$ 0,00","R$ 446,50"
PHANTOM ASSASSIN 2,Desconhecido,Desconhecido,Desconhecido,1,"R$ 443,00","R$ 0,00","R$ 0,00","R$ 443,00"
Genuine Weather Sirocco,Desconhecido,Desconhecido,Desconhecido,28,"R$ 449,00","R$ 7,09","R$ 0,00","R$ 441,91"
Bloodfeather Frock,Desconhecido,Desconhecido,Desconhecido,3,"R$ 449,13","R$ 7,61","R$ 0,00","R$ 441,52"
Inscribed Righteous Thunderbolt,Desconhecido,Desconhecido,Desconhecido,6,"R$ 463,99","R$ 22,82","R$ 0,00","R$ 441,17"
Vision of the Seraph Scion (30 dias para envio GIFT),Desconhecido,Desconhecido,Desconhecido,3,"R$ 450,00","R$ 10,00","R$ 0,00","R$ 440,00"
Bracers of Aeons,Desconhecido,Desconhecido,Desconhecido,18,"R$ 484,13","R$ 48,03","R$ 0,00","R$ 436,10"
Undying Love,Desconhecido,Desconhecido,Desconhecido,6,"R$ 442,50","R$ 7,23","R$ 0,00","R$ 435,27"
Seam Ripper Snuggle Time,Desconhecido,Desconhecido,Desconhecido,13,"R$ 447,20","R$ 12,11","R$ 0,00","R$ 435,09"
Silverwurm Sacrifice,Desconhecido,Desconhecido,Desconhecido,2,"R$ 470,00","R$ 36,13","R$ 0,00","R$ 433,87"
Exalted Frost Avalanche,Desconhecido,Desconhecido,Desconhecido,6,"R$ 458,65","R$ 24,89","R$ 0,00","R$ 433,76"
Mix do Pudge,Desconhecido,Desconhecido,Desconhecido,2,"R$ 438,00","R$ 6,57","R$ 0,00","R$ 431,43"
Crown of Calaphas '(30 dias para envio GIFT),Desconhecido,Desconhecido,Desconhecido,7,"R$ 483,00","R$ 52,95","R$ 0,00","R$ 430,05"
The Abscesserator,Desconhecido,Desconhecido,Desconhecido,22,"R$ 506,53","R$ 77,82","R$ 0,00","R$ 428,71"
Darktrench Stalker - Shoulder,Desconhecido,Desconhecido,Desconhecido,2,"R$ 428,51","R$ 0,00","R$ 0,00","R$ 428,51"
Herald of the Ember Eye '(30 dias para envio GIFT),Desconhecido,Desconhecido,Desconhecido,7,"R$ 436,00","R$ 8,70","R$ 0,00","R$ 427,30"
Scarlet Subversion,Desconhecido,Desconhecido,Desconhecido,6,"R$ 432,00","R$ 5,03","R$ 0,00","R$ 426,97"
Signs of the Allfather '(30 dias para envio GIFT),Desconhecido,Desconhecido,Desconhecido,5,"R$ 437,00","R$ 11,06","R$ 0,00","R$ 425,94"
Ancient Dragon King,Desconhecido,Desconhecido,Desconhecido,3,"R$ 428,56","R$ 2,99","R$ 0,00","R$ 425,57"
Golden Scavenging Guttleslug,Desconhecido,Desconhecido,Desconhecido,7,"R$ 463,04","R$ 37,98","R$ 0,00","R$ 425,06"
Inscribed Padda'pon of Ribbi'tar,Desconhecido,Desconhecido,Desconhecido,1,"R$ 421,52","R$ 0,00","R$ 0,00","R$ 421,52"
Inscribed Arms of Desolation,Desconhecido,Desconhecido,Desconhecido,15,"R$ 464,61","R$ 43,18","R$ 0,00","R$ 421,43"
Tribal Pathways,Desconhecido,Desconhecido,Desconhecido,3,"R$ 428,29","R$ 7,25","R$ 0,00","R$ 421,04"
Swift Claw,Desconhecido,Desconhecido,Desconhecido,8,"R$ 474,22","R$ 55,90","R$ 0,00","R$ 418,32"
Sea Rake's Bridle,Desconhecido,Desconhecido,Desconhecido,6,"R$ 536,84","R$ 123,79","R$ 0,00","R$ 413,05"
Tyrant of the Veil,Desconhecido,Desconhecido,Desconhecido,7,"R$ 413,99","R$ 2,84","R$ 0,00","R$ 411,15"
Crimson Progenitor's Bane,Desconhecido,Desconhecido,Desconhecido,1,"R$ 430,00","R$ 21,50","R$ 0,00","R$ 408,50"
Apex Automated '(30 dias para envio GIFT),Desconhecido,Desconhecido,Desconhecido,4,"R$ 413,00","R$ 6,60","R$ 0,00","R$ 406,40"
Cinder Sensei '(30 dias para envio GIFT),Desconhecido,Desconhecido,Desconhecido,1,"R$ 402,00","R$ 0,00","R$ 0,00","R$ 402,00"
Glory of the Elderflame '(30 dias para envio GIFT),Desconhecido,Desconhecido,Desconhecido,3,"R$ 411,00","R$ 9,85","R$ 0,00","R$ 401,15"
Mania's Mask,Desconhecido,Desconhecido,Desconhecido,11,"R$ 446,67","R$ 46,68","R$ 0,00","R$ 399,99"
LEGION COMMANDER,Desconhecido,Desconhecido,Desconhecido,1,"R$ 399,00","R$ 0,00","R$ 0,00","R$ 399,00"
Taur Rider,Desconhecido,Desconhecido,Desconhecido,5,"R$ 419,19","R$ 20,58","R$ 0,00","R$ 398,61"
Arms of Desolation,Desconhecido,Desconhecido,Desconhecido,16,"R$ 539,28","R$ 142,84","R$ 0,00","R$ 396,44"
Triumph of the Imperatrix,Desconhecido,Desconhecido,Desconhecido,6,"R$ 395,34","R$ 1,85","R$ 0,00","R$ 393,49"
MONKEY KING,Desconhecido,Desconhecido,Desconhecido,1,"R$ 413,00","R$ 20,65","R$ 0,00","R$ 392,35"
Onikage Disciple,Desconhecido,Desconhecido,Desconhecido,13,"R$ 432,00","R$ 42,12","R$ 0,00","R$ 389,88"
Focal Resonance,Desconhecido,Desconhecido,Desconhecido,18,"R$ 453,07","R$ 63,29","R$ 0,00","R$ 389,78"
Cannonroar Confessor,Desconhecido,Desconhecido,Desconhecido,2,"R$ 433,38","R$ 44,44","R$ 0,00","R$ 388,94"
Stone Giant Stronghold,Desconhecido,Desconhecido,Desconhecido,1,"R$ 385,00","R$ 0,00","R$ 0,00","R$ 385,00"
Pauldrons of the Demon Trickster,Desconhecido,Desconhecido,Desconhecido,8,"R$ 387,70","R$ 4,53","R$ 0,00","R$ 383,17"
Origin of the Dark Oath,Desconhecido,Desconhecido,Desconhecido,2,"R$ 388,32","R$ 5,22","R$ 0,00","R$ 383,10"
Grudges of the Gallows Tree,Desconhecido,Desconhecido,Desconhecido,2,"R$ 378,00","R$ 0,00","R$ 0,00","R$ 378,00"
Forsworn Legacy '(30 dias para envio GIFT),Desconhecido,Desconhecido,Desconhecido,2,"R$ 382,00","R$ 4,70","R$ 0,00","R$ 377,30"
PHANTOM ASSASSIN,Desconhecido,Desconhecido,Desconhecido,1,"R$ 376,00","R$ 0,00","R$ 0,00","R$ 376,00"
Clearcut Cavalier '(30 dias para envio GIFT),Desconhecido,Desconhecido,Desconhecido,5,"R$ 391,00","R$ 15,65","R$ 0,00","R$ 375,35"
Pilgrimage of the Bladeform Aesthete,Desconhecido,Desconhecido,Desconhecido,1,"R$ 373,76","R$ 0,00","R$ 0,00","R$ 373,76"
Leviathan Whale Blade,Desconhecido,Desconhecido,Desconhecido,6,"R$ 380,31","R$ 8,99","R$ 0,00","R$ 371,32"
Fury of the Righteous Storm,Desconhecido,Desconhecido,Desconhecido,4,"R$ 375,00","R$ 5,52","R$ 0,00","R$ 369,48"
The Eyes of Avilliva - Radiant Towers,Desconhecido,Desconhecido,Desconhecido,86,"R$ 376,88","R$ 9,44","R$ 0,00","R$ 367,44"
Padda'pon of Ribbi'tar,Desconhecido,Desconhecido,Desconhecido,1,"R$ 367,41","R$ 0,00","R$ 0,00","R$ 367,41"
Primeval Abomination '(30 dias para envio GIFT),Desconhecido,Desconhecido,Desconhecido,6,"R$ 376,00","R$ 9,10","R$ 0,00","R$ 366,90"
Astral Origins,Desconhecido,Desconhecido,Desconhecido,4,"R$ 419,80","R$ 54,25","R$ 0,00","R$ 365,55"
Ardalan Arms Race,Desconhecido,Desconhecido,Desconhecido,9,"R$ 371,00","R$ 5,48","R$ 0,00","R$ 365,52"
The Gaze of Scree'Auk - Dire Towers,Desconhecido,Desconhecido,Desconhecido,94,"R$ 375,92","R$ 12,40","R$ 0,00","R$ 363,52"
Golden Wyrmwrought Flare,Desconhecido,Desconhecido,Desconhecido,5,"R$ 404,50","R$ 44,68","R$ 0,00","R$ 359,82"
Inscribed Manifold Paradox,Desconhecido,Desconhecido,Desconhecido,3,"R$ 361,92","R$ 2,56","R$ 0,00","R$ 359,36"
Concord Reversion,Desconhecido,Desconhecido,Desconhecido,3,"R$ 371,18","R$ 12,53","R$ 0,00","R$ 358,65"
Footfalls of the Sporefathers (30 dias para envio GIFT),Desconhecido,Desconhecido,Desconhecido,2,"R$ 377,00","R$ 20,10","R$ 0,00","R$ 356,90"
Third Awakening,Desconhecido,Desconhecido,Desconhecido,2,"R$ 359,68","R$ 5,77","R$ 0,00","R$ 353,91"
Evolution of the Infinite '(30 dias para envio GIFT),Desconhecido,Desconhecido,Desconhecido,6,"R$ 362,00","R$ 10,10","R$ 0,00","R$ 351,90"
Blink Dagger (Faca para churrasco),"Caso não queira gravação preencha com ""sem gravaçao"": Element ",Desconhecido,Desconhecido,1,"R$ 350,00","R$ 0,00","R$ 0,00","R$ 350,00"
Blink Dagger (Faca para churrasco),"Caso não queira gravação preencha com ""sem gravaçao"": sem gravação",Desconhecido,Desconhecido,1,"R$ 350,00","R$ 0,00","R$ 0,00","R$ 350,00"
Blue Horizons,Desconhecido,Desconhecido,Desconhecido,2,"R$ 346,50","R$ 0,00","R$ 0,00","R$ 346,50"
Caprine Chimera,Desconhecido,Desconhecido,Desconhecido,10,"R$ 354,00","R$ 8,14","R$ 0,00","R$ 345,86"
Lineage of the Stormlords '(30 dias para envio GIFT),Desconhecido,Desconhecido,Desconhecido,2,"R$ 363,00","R$ 18,15","R$ 0,00","R$ 344,85"
Heartless Hunt '(30 dias para envio GIFT),Desconhecido,Desconhecido,Desconhecido,4,"R$ 344,00","R$ 1,25","R$ 0,00","R$ 342,75"
Shadow Masquerade of the Crimson Witness,Desconhecido,Desconhecido,Desconhecido,1,"R$ 426,49","R$ 85,30","R$ 0,00","R$ 341,19"
Grim Destiny,Desconhecido,Desconhecido,Desconhecido,3,"R$ 421,32","R$ 80,46","R$ 0,00","R$ 340,86"
Fissured Flight '(30 dias para envio GIFT),Desconhecido,Desconhecido,Desconhecido,5,"R$ 375,00","R$ 34,90","R$ 0,00","R$ 340,10"
Mix Phantom Assassim,Desconhecido,Desconhecido,Desconhecido,1,"R$ 340,00","R$ 0,00","R$ 0,00","R$ 340,00"
Silver Squall - Mount,Desconhecido,Desconhecido,Desconhecido,3,"R$ 338,44","R$ 2,17","R$ 0,00","R$ 336,27"
Wrath of the Celestial Sentinel (30 dias para envio GIFT),Desconhecido,Desconhecido,Desconhecido,2,"R$ 386,00","R$ 50,00","R$ 0,00","R$ 336,00"
Forgotten Station,Desconhecido,Desconhecido,Desconhecido,5,"R$ 337,50","R$ 2,70","R$ 0,00","R$ 334,80"
Canis Crystallum,Desconhecido,Desconhecido,Desconhecido,7,"R$ 340,00","R$ 5,90","R$ 0,00","R$ 334,10"
Darkwood Eulogy,Desconhecido,Desconhecido,Desconhecido,6,"R$ 415,45","R$ 84,80","R$ 0,00","R$ 330,65"
Blackwing Bandolera,Desconhecido,Desconhecido,Desconhecido,9,"R$ 333,00","R$ 3,97","R$ 0,00","R$ 329,03"
Inscribed Axia of Metira,Desconhecido,Desconhecido,Desconhecido,1,"R$ 329,00","R$ 0,00","R$ 0,00","R$ 329,00"
Genuine Skittering Desolation,Desconhecido,Desconhecido,Desconhecido,8,"R$ 337,26","R$ 11,18","R$ 0,00","R$ 326,08"
Fate Meridian,Desconhecido,Desconhecido,Desconhecido,2,"R$ 328,96","R$ 3,29","R$ 0,00","R$ 325,67"
Lamb to the Slaughter,Desconhecido,Desconhecido,Desconhecido,7,"R$ 339,15","R$ 14,95","R$ 0,00","R$ 324,20"
Days of the Demon,Desconhecido,Desconhecido,Desconhecido,2,"R$ 330,77","R$ 7,65","R$ 0,00","R$ 323,12"
Dawn of a Darkness Foretold,Desconhecido,Desconhecido,Desconhecido,3,"R$ 338,79","R$ 17,17","R$ 0,00","R$ 321,62"
Inscribed Shatterblast Crown,Desconhecido,Desconhecido,Desconhecido,7,"R$ 349,90","R$ 29,67","R$ 0,00","R$ 320,23"
Whisky the Stout Artifact,Desconhecido,Desconhecido,Desconhecido,5,"R$ 350,57","R$ 31,35","R$ 0,00","R$ 319,22"
Claszureme Incursion,Desconhecido,Desconhecido,Desconhecido,1,"R$ 319,00","R$ 0,00","R$ 0,00","R$ 319,00"
Bloodfeather Finery,Desconhecido,Desconhecido,Desconhecido,3,"R$ 326,94","R$ 8,90","R$ 0,00","R$ 318,04"
Steward of the Forbidden Chamber '(30 dias para envio GIFT),Desconhecido,Desconhecido,Desconhecido,3,"R$ 318,00","R$ 0,00","R$ 0,00","R$ 318,00"
Songs of Starfall Glen,Desconhecido,Desconhecido,Desconhecido,3,"R$ 327,38","R$ 9,43","R$ 0,00","R$ 317,95"
Infused Claws of the Ferocious Heart,Desconhecido,Desconhecido,Desconhecido,13,"R$ 356,15","R$ 39,42","R$ 0,00","R$ 316,73"
Empyrean,Desconhecido,Desconhecido,Desconhecido,7,"R$ 337,16","R$ 21,61","R$ 0,00","R$ 315,55"
Acrimonies of Obsession,Desconhecido,Desconhecido,Desconhecido,3,"R$ 314,42","R$ 3,38","R$ 0,00","R$ 311,04"
Hounds of Obsession,Desconhecido,Desconhecido,Desconhecido,3,"R$ 328,04","R$ 17,27","R$ 0,00","R$ 310,77"
Bird of Prey,Desconhecido,Desconhecido,Desconhecido,6,"R$ 318,96","R$ 8,70","R$ 0,00","R$ 310,26"
Heartless Hunt (30 dias para envio GIFT),Desconhecido,Desconhecido,Desconhecido,4,"R$ 344,60","R$ 35,08","R$ 0,00","R$ 309,52"
Blacksail Cannoneer,Desconhecido,Desconhecido,Desconhecido,2,"R$ 337,44","R$ 29,90","R$ 0,00","R$ 307,54"
Inscribed Focal Resonance,Desconhecido,Desconhecido,Desconhecido,14,"R$ 330,89","R$ 23,63","R$ 0,00","R$ 307,26"
Weather Spring,Desconhecido,Desconhecido,Desconhecido,17,"R$ 320,00","R$ 14,00","R$ 0,00","R$ 306,00"
Crux of Perplex,Desconhecido,Desconhecido,Desconhecido,21,"R$ 359,46","R$ 53,81","R$ 0,00","R$ 305,65"
Weather Moonbeam,Desconhecido,Desconhecido,Desconhecido,14,"R$ 318,00","R$ 13,70","R$ 0,00","R$ 304,30"
Crownfall - Radiant Creeps,Desconhecido,Desconhecido,Desconhecido,86,"R$ 312,26","R$ 9,95","R$ 0,00","R$ 302,31"
Seadog's Stash,Desconhecido,Desconhecido,Desconhecido,4,"R$ 324,85","R$ 22,93","R$ 0,00","R$ 301,92"
Endowments of the Lucent Canopy '(30 dias para envio GIFT),Desconhecido,Desconhecido,Desconhecido,1,"R$ 389,00","R$ 88,00","R$ 0,00","R$ 301,00"
Withering Pain,Desconhecido,Desconhecido,Desconhecido,2,"R$ 306,50","R$ 7,76","R$ 0,00","R$ 298,74"
Weather Snow,Desconhecido,Desconhecido,Desconhecido,13,"R$ 312,00","R$ 13,70","R$ 0,00","R$ 298,30"
Third Awakening '(30 dias para envio GIFT),Desconhecido,Desconhecido,Desconhecido,3,"R$ 306,00","R$ 10,20","R$ 0,00","R$ 295,80"
Heartless Hunt,Desconhecido,Desconhecido,Desconhecido,2,"R$ 294,12","R$ 0,00","R$ 0,00","R$ 294,12"
Autographed Blade of Tears,Desconhecido,Desconhecido,Desconhecido,2,"R$ 293,13","R$ 0,00","R$ 0,00","R$ 293,13"
Cannonroar Confessor - Arms,Desconhecido,Desconhecido,Desconhecido,2,"R$ 297,67","R$ 6,04","R$ 0,00","R$ 291,63"
Photax Fluttercat,Desconhecido,Desconhecido,Desconhecido,9,"R$ 297,00","R$ 6,03","R$ 0,00","R$ 290,97"
Stonemarch Sovereign,Desconhecido,Desconhecido,Desconhecido,2,"R$ 306,05","R$ 15,24","R$ 0,00","R$ 290,81"
Distinguished Expeditionary,Desconhecido,Desconhecido,Desconhecido,3,"R$ 357,00","R$ 67,41","R$ 0,00","R$ 289,59"
Deathstitch Shaman,Desconhecido,Desconhecido,Desconhecido,5,"R$ 295,75","R$ 7,26","R$ 0,00","R$ 288,49"
Concord Dominion,Desconhecido,Desconhecido,Desconhecido,11,"R$ 400,26","R$ 112,57","R$ 0,00","R$ 287,69"
Weather Pestilence,Desconhecido,Desconhecido,Desconhecido,15,"R$ 315,00","R$ 29,11","R$ 0,00","R$ 285,89"
Unchained Entropy,Desconhecido,Desconhecido,Desconhecido,8,"R$ 287,20","R$ 1,73","R$ 0,00","R$ 285,47"
Defender of Ruin,Desconhecido,Desconhecido,Desconhecido,2,"R$ 284,00","R$ 0,00","R$ 0,00","R$ 284,00"
Genuine Rapier of the Burning God,Desconhecido,Desconhecido,Desconhecido,11,"R$ 286,22","R$ 3,98","R$ 0,00","R$ 282,24"
Widow of the Undermount Gloom '(30 dias para envio GIFT),Desconhecido,Desconhecido,Desconhecido,4,"R$ 284,00","R$ 2,90","R$ 0,00","R$ 281,10"
Genuine Rapier of the Burning God Offhand,Desconhecido,Desconhecido,Desconhecido,13,"R$ 289,47","R$ 9,15","R$ 0,00","R$ 280,32"
Hidden Vector,Desconhecido,Desconhecido,Desconhecido,5,"R$ 283,56","R$ 3,96","R$ 0,00","R$ 279,60"
Bloodzo the Bear,Desconhecido,Desconhecido,Desconhecido,9,"R$ 291,60","R$ 13,00","R$ 0,00","R$ 278,60"
The Magus Cypher UPADA,Desconhecido,Desconhecido,Desconhecido,2,"R$ 302,40","R$ 24,10","R$ 0,00","R$ 278,30"
Beast of the Crimson Ring '(30 dias para envio GIFT),Desconhecido,Desconhecido,Desconhecido,3,"R$ 278,00","R$ 0,00","R$ 0,00","R$ 278,00"
Gimlek Decanter,Desconhecido,Desconhecido,Desconhecido,21,"R$ 311,96","R$ 34,31","R$ 0,00","R$ 277,65"
Golden Mandate of the Stormborn,Desconhecido,Desconhecido,Desconhecido,4,"R$ 278,47","R$ 3,76","R$ 0,00","R$ 274,71"
Dark Behemoth,Desconhecido,Desconhecido,Desconhecido,1,"R$ 273,29","R$ 0,00","R$ 0,00","R$ 273,29"
Weather Aurora,Desconhecido,Desconhecido,Desconhecido,13,"R$ 286,00","R$ 13,23","R$ 0,00","R$ 272,77"
Auspice of the Whyrlegyge,Desconhecido,Desconhecido,Desconhecido,24,"R$ 317,17","R$ 44,93","R$ 0,00","R$ 272,24"
Signs of the Allfather (30 dias para envio GIFT),Desconhecido,Desconhecido,Desconhecido,5,"R$ 269,30","R$ 0,00","R$ 0,00","R$ 269,30"
The Chained Scribe(30 dias para envio GIFT),Desconhecido,Desconhecido,Desconhecido,6,"R$ 274,00","R$ 5,80","R$ 0,00","R$ 268,20"
Prismatic: Dungeon Doom,Desconhecido,Desconhecido,Desconhecido,2,"R$ 273,12","R$ 5,46","R$ 0,00","R$ 267,66"
Shatterblast Crown,Desconhecido,Desconhecido,Desconhecido,6,"R$ 287,25","R$ 19,66","R$ 0,00","R$ 267,59"
Exalted Blades of Voth Domosh,Desconhecido,Desconhecido,Desconhecido,2,"R$ 266,40","R$ 0,00","R$ 0,00","R$ 266,40"
Brightfist,Desconhecido,Desconhecido,Desconhecido,2,"R$ 265,42","R$ 0,00","R$ 0,00","R$ 265,42"
Creed of the Skullhound,Desconhecido,Desconhecido,Desconhecido,2,"R$ 265,07","R$ 0,00","R$ 0,00","R$ 265,07"
Remnants of Ascension,Desconhecido,Desconhecido,Desconhecido,4,"R$ 275,48","R$ 10,87","R$ 0,00","R$ 264,61"
EMBER SPIRIT,Desconhecido,Desconhecido,Desconhecido,4,"R$ 266,62","R$ 3,15","R$ 0,00","R$ 263,47"
Darktrench Stalker - Head,Desconhecido,Desconhecido,Desconhecido,1,"R$ 263,46","R$ 0,00","R$ 0,00","R$ 263,46"
Radiant Conqueror,Desconhecido,Desconhecido,Desconhecido,1,"R$ 288,00","R$ 25,00","R$ 0,00","R$ 263,00"
Crownfall - Dire Creeps,Desconhecido,Desconhecido,Desconhecido,98,"R$ 276,00","R$ 13,01","R$ 0,00","R$ 262,99"
Genuine Soul Diffuser,Desconhecido,Desconhecido,Desconhecido,2,"R$ 262,69","R$ 2,72","R$ 0,00","R$ 259,97"
Cosmic Concoctioneers,Desconhecido,Desconhecido,Desconhecido,2,"R$ 260,50","R$ 1,13","R$ 0,00","R$ 259,37"
Demon Form of the Foulfell Corruptor,Desconhecido,Desconhecido,Desconhecido,3,"R$ 278,79","R$ 19,86","R$ 0,00","R$ 258,93"
Bane of the Deathstalkers - Belt,Desconhecido,Desconhecido,Desconhecido,5,"R$ 332,88","R$ 74,44","R$ 0,00","R$ 258,44"
Monarch of the Sapphire Glen,Desconhecido,Desconhecido,Desconhecido,23,"R$ 316,50","R$ 58,17","R$ 0,00","R$ 258,33"
Shadowleaf Insurgent (30 dias para envio GIFT),Desconhecido,Desconhecido,Desconhecido,4,"R$ 260,71","R$ 3,95","R$ 0,00","R$ 256,76"
Hare of the Cog,Desconhecido,Desconhecido,Desconhecido,8,"R$ 260,00","R$ 3,24","R$ 0,00","R$ 256,76"
Beholden of the Banished Ones (30 dias para envio GIFT),Desconhecido,Desconhecido,Desconhecido,3,"R$ 266,00","R$ 9,30","R$ 0,00","R$ 256,70"
Talons of the Endless Storm '(30 dias para envio GIFT),Desconhecido,Desconhecido,Desconhecido,3,"R$ 258,00","R$ 2,90","R$ 0,00","R$ 255,10"
Inscribed Armor of the Demon Trickster,Desconhecido,Desconhecido,Desconhecido,1,"R$ 255,03","R$ 0,00","R$ 0,00","R$ 255,03"
Forgotten Station '(30 dias para envio GIFT),Desconhecido,Desconhecido,Desconhecido,4,"R$ 264,00","R$ 9,30","R$ 0,00","R$ 254,70"
PUDGE,Desconhecido,Desconhecido,Desconhecido,1,"R$ 268,00","R$ 13,40","R$ 0,00","R$ 254,60"
Arcane Inverter '(30 dias para envio GIFT),Desconhecido,Desconhecido,Desconhecido,3,"R$ 265,00","R$ 10,85","R$ 0,00","R$ 254,15"
The Strings of Suradan,Desconhecido,Desconhecido,Desconhecido,17,"R$ 275,20","R$ 22,89","R$ 0,00","R$ 252,31"
Belt of the Bladeform Aesthete,Desconhecido,Desconhecido,Desconhecido,1,"R$ 252,30","R$ 1,56","R$ 0,00","R$ 250,74"
Darkblade Adept,Desconhecido,Desconhecido,Desconhecido,8,"R$ 259,20","R$ 9,06","R$ 0,00","R$ 250,14"
Bleeding Edge,Desconhecido,Desconhecido,Desconhecido,8,"R$ 250,00","R$ 0,34","R$ 0,00","R$ 249,66"
Ravenous Abyss '(30 dias para envio GIFT),Desconhecido,Desconhecido,Desconhecido,5,"R$ 315,00","R$ 66,15","R$ 0,00","R$ 248,85"
Colossal Terrorpin,Desconhecido,Desconhecido,Desconhecido,10,"R$ 294,00","R$ 45,94","R$ 0,00","R$ 248,06"
Apogee of the Guardian Flame,Desconhecido,Desconhecido,Desconhecido,14,"R$ 260,01","R$ 15,86","R$ 0,00","R$ 244,15"
Rose of Moira,Desconhecido,Desconhecido,Desconhecido,8,"R$ 244,28","R$ 0,65","R$ 0,00","R$ 243,63"
Guilt of the Survivor,Desconhecido,Desconhecido,Desconhecido,1,"R$ 243,56","R$ 0,00","R$ 0,00","R$ 243,56"
Weather Harvest,Desconhecido,Desconhecido,Desconhecido,14,"R$ 252,00","R$ 8,49","R$ 0,00","R$ 243,51"
Ravencloak,Desconhecido,Desconhecido,Desconhecido,4,"R$ 245,62","R$ 3,37","R$ 0,00","R$ 242,25"
Souls Tyrant,Desconhecido,Desconhecido,Desconhecido,2,"R$ 330,00","R$ 88,32","R$ 0,00","R$ 241,68"
Chrononaut Continuum,Desconhecido,Desconhecido,Desconhecido,5,"R$ 240,00","R$ 0,00","R$ 0,00","R$ 240,00"
Starlorn Adjudicator '(30 dias para envio GIFT),Desconhecido,Desconhecido,Desconhecido,3,"R$ 279,00","R$ 39,36","R$ 0,00","R$ 239,64"
Dapper Disguise,Desconhecido,Desconhecido,Desconhecido,2,"R$ 334,00","R$ 94,62","R$ 0,00","R$ 239,38"
Infernal Chieftain,Desconhecido,Desconhecido,Desconhecido,9,"R$ 306,72","R$ 67,78","R$ 0,00","R$ 238,94"
Shards of Exile,Desconhecido,Desconhecido,Desconhecido,6,"R$ 265,79","R$ 26,91","R$ 0,00","R$ 238,88"
Fowl Omen (30 dias para envio GIFT),Desconhecido,Desconhecido,Desconhecido,4,"R$ 236,00","R$ 0,00","R$ 0,00","R$ 236,00"
Seadog's Stash '(30 dias para envio GIFT),Desconhecido,Desconhecido,Desconhecido,4,"R$ 240,00","R$ 6,00","R$ 0,00","R$ 234,00"
Ravenous Abyss (30 dias para envio GIFT),Desconhecido,Desconhecido,Desconhecido,4,"R$ 240,00","R$ 6,30","R$ 0,00","R$ 233,70"
Mantle of the Cinder Baron,Desconhecido,Desconhecido,Desconhecido,23,"R$ 264,16","R$ 30,92","R$ 0,00","R$ 233,24"
Flame of Origin,Desconhecido,Desconhecido,Desconhecido,7,"R$ 240,80","R$ 8,34","R$ 0,00","R$ 232,46"
Secrets of the Celestial '(30 dias para envio GIFT),Desconhecido,Desconhecido,Desconhecido,4,"R$ 232,00","R$ 0,00","R$ 0,00","R$ 232,00"
Spoils of the Shadowveil (30 dias para envio GIFT),Desconhecido,Desconhecido,Desconhecido,4,"R$ 239,00","R$ 8,45","R$ 0,00","R$ 230,55"
Desert Bloom '(30 dias para envio GIFT),Desconhecido,Desconhecido,Desconhecido,4,"R$ 232,00","R$ 5,80","R$ 0,00","R$ 226,20"
Hounds of Obsession '(30 dias para envio GIFT),Desconhecido,Desconhecido,Desconhecido,4,"R$ 232,00","R$ 6,65","R$ 0,00","R$ 225,35"
Molten Claw,Desconhecido,Desconhecido,Desconhecido,7,"R$ 327,80","R$ 102,50","R$ 0,00","R$ 225,30"
The Chained Scribe,Desconhecido,Desconhecido,Desconhecido,2,"R$ 229,09","R$ 4,01","R$ 0,00","R$ 225,08"
Beast of the Crimson Ring (30 dias para envio GIFT),Desconhecido,Desconhecido,Desconhecido,3,"R$ 225,00","R$ 0,00","R$ 0,00","R$ 225,00"
Herald of the Ember Eye (30 dias para envio GIFT),Desconhecido,Desconhecido,Desconhecido,4,"R$ 227,30","R$ 2,50","R$ 0,00","R$ 224,80"
Golden Infernal Chieftain,Desconhecido,Desconhecido,Desconhecido,1,"R$ 320,76","R$ 96,23","R$ 0,00","R$ 224,53"
Fury of the Bloodforge,Desconhecido,Desconhecido,Desconhecido,2,"R$ 326,00","R$ 103,68","R$ 0,00","R$ 222,32"
Auspicious Scythe of Vyse,Desconhecido,Desconhecido,Desconhecido,5,"R$ 222,13","R$ 0,00","R$ 0,00","R$ 222,13"
Flashpoint Proselyte '(30 dias para envio GIFT),Desconhecido,Desconhecido,Desconhecido,3,"R$ 225,00","R$ 3,00","R$ 0,00","R$ 222,00"
Endless Night (30 dias para envio GIFT),Desconhecido,Desconhecido,Desconhecido,3,"R$ 252,60","R$ 30,78","R$ 0,00","R$ 221,82"
Desert Bloom(30 dias para envio GIFT),Desconhecido,Desconhecido,Desconhecido,4,"R$ 224,00","R$ 2,50","R$ 0,00","R$ 221,50"
Taur Rider '(30 dias para envio GIFT),Desconhecido,Desconhecido,Desconhecido,4,"R$ 222,00","R$ 2,10","R$ 0,00","R$ 219,90"
Inscribed Muh Keen Gun,Desconhecido,Desconhecido,Desconhecido,12,"R$ 233,83","R$ 14,09","R$ 0,00","R$ 219,74"
Grim Destiny (30 dias para envio GIFT),Desconhecido,Desconhecido,Desconhecido,3,"R$ 222,00","R$ 3,70","R$ 0,00","R$ 218,30"
Masque of Awaleb,Desconhecido,Desconhecido,Desconhecido,3,"R$ 216,93","R$ 0,00","R$ 0,00","R$ 216,93"
Gothic Whisper (30 dias para envio GIFT),Desconhecido,Desconhecido,Desconhecido,1,"R$ 220,00","R$ 4,40","R$ 0,00","R$ 215,60"
The Wilding Tiger,Desconhecido,Desconhecido,Desconhecido,2,"R$ 213,10","R$ 0,00","R$ 0,00","R$ 213,10"
Mount of the Winged Sentinel,Desconhecido,Desconhecido,Desconhecido,11,"R$ 281,48","R$ 69,47","R$ 0,00","R$ 212,01"
CRYSTAL MAIDEN,Desconhecido,Desconhecido,Desconhecido,2,"R$ 215,00","R$ 4,75","R$ 0,00","R$ 210,25"
Piston Impaler,Desconhecido,Desconhecido,Desconhecido,14,"R$ 262,66","R$ 53,98","R$ 0,00","R$ 208,68"
Beast of Thunder '(30 dias para envio GIFT),Desconhecido,Desconhecido,Desconhecido,4,"R$ 213,00","R$ 6,20","R$ 0,00","R$ 206,80"
Eyriebound Imperator(30 dias para envio GIFT),Desconhecido,Desconhecido,Desconhecido,3,"R$ 210,00","R$ 3,75","R$ 0,00","R$ 206,25"
Infused Pauldron of the Dreadborn Regent,Desconhecido,Desconhecido,Desconhecido,5,"R$ 206,05","R$ 0,00","R$ 0,00","R$ 206,05"
Insatiable Seas,Desconhecido,Desconhecido,Desconhecido,8,"R$ 275,00","R$ 70,18","R$ 0,00","R$ 204,82"
Mask of the Divine Sorrow,Desconhecido,Desconhecido,Desconhecido,5,"R$ 207,76","R$ 4,58","R$ 0,00","R$ 203,18"
Tomo’Kan Footsoldier,Desconhecido,Desconhecido,Desconhecido,6,"R$ 213,00","R$ 10,19","R$ 0,00","R$ 202,81"
Cobra-Ka,Desconhecido,Desconhecido,Desconhecido,3,"R$ 210,60","R$ 10,00","R$ 0,00","R$ 200,60"
Transcendent Path '(30 dias para envio GIFT),Desconhecido,Desconhecido,Desconhecido,3,"R$ 200,00","R$ 0,00","R$ 0,00","R$ 200,00"
Dread Ascendance,Desconhecido,Desconhecido,Desconhecido,1,"R$ 199,99","R$ 0,00","R$ 0,00","R$ 199,99"
Autographed Glaive of Oscilla,Desconhecido,Desconhecido,Desconhecido,11,"R$ 218,66","R$ 19,47","R$ 0,00","R$ 199,19"
Pyrexaec Floe,Desconhecido,Desconhecido,Desconhecido,4,"R$ 203,47","R$ 4,96","R$ 0,00","R$ 198,51"
Grudges of the Gallows Tree '(30 dias para envio GIFT),Desconhecido,Desconhecido,Desconhecido,2,"R$ 198,00","R$ 0,00","R$ 0,00","R$ 198,00"
Claszureme Incursion '(30 dias para envio GIFT),Desconhecido,Desconhecido,Desconhecido,1,"R$ 376,00","R$ 178,00","R$ 0,00","R$ 198,00"
Horror from the Deep (30 dias para envio GIFT),Desconhecido,Desconhecido,Desconhecido,2,"R$ 202,00","R$ 4,25","R$ 0,00","R$ 197,75"
Hounds of Obsession(30 dias para envio GIFT),Desconhecido,Desconhecido,Desconhecido,4,"R$ 200,00","R$ 2,50","R$ 0,00","R$ 197,50"
Autographed Silent Wake,Desconhecido,Desconhecido,Desconhecido,3,"R$ 216,29","R$ 19,64","R$ 0,00","R$ 196,65"
Tyrant of the Veil '(30 dias para envio GIFT),Desconhecido,Desconhecido,Desconhecido,4,"R$ 199,00","R$ 3,00","R$ 0,00","R$ 196,00"
Golden Staff of Gun-Yu,Desconhecido,Desconhecido,Desconhecido,1,"R$ 197,56","R$ 1,98","R$ 0,00","R$ 195,58"
Verminator,Desconhecido,Desconhecido,Desconhecido,6,"R$ 195,04","R$ 0,87","R$ 0,00","R$ 194,17"
Horror from the Deep '(30 dias para envio GIFT),Desconhecido,Desconhecido,Desconhecido,2,"R$ 203,00","R$ 8,95","R$ 0,00","R$ 194,05"
Bane of the Deathstalkers - Back (30 dias para envio GIFT),Desconhecido,Desconhecido,Desconhecido,2,"R$ 196,20","R$ 2,34","R$ 0,00","R$ 193,86"
Starforge Reformer,Desconhecido,Desconhecido,Desconhecido,6,"R$ 195,30","R$ 2,92","R$ 0,00","R$ 192,38"
Hydrakan Latch,Desconhecido,Desconhecido,Desconhecido,16,"R$ 246,56","R$ 54,79","R$ 0,00","R$ 191,77"
Mantle of the Whispered Bond,Desconhecido,Desconhecido,Desconhecido,18,"R$ 207,82","R$ 16,88","R$ 0,00","R$ 190,94"
Igneous Infernal,Desconhecido,Desconhecido,Desconhecido,6,"R$ 215,00","R$ 25,00","R$ 0,00","R$ 190,00"
Shackles of the Enduring Conscript,Desconhecido,Desconhecido,Desconhecido,1,"R$ 189,00","R$ 0,00","R$ 0,00","R$ 189,00"
The Hallows Within,Desconhecido,Desconhecido,Desconhecido,5,"R$ 244,55","R$ 56,04","R$ 0,00","R$ 188,51"
Trophies of the Hallowed Hunt '(30 dias para envio GIFT),Desconhecido,Desconhecido,Desconhecido,3,"R$ 191,00","R$ 2,90","R$ 0,00","R$ 188,10"
The Chained Scribe '(30 dias para envio GIFT),Desconhecido,Desconhecido,Desconhecido,3,"R$ 190,00","R$ 2,65","R$ 0,00","R$ 187,35"
Steward of the Forbidden Chamber (30 dias para envio GIFT),Desconhecido,Desconhecido,Desconhecido,2,"R$ 192,00","R$ 5,30","R$ 0,00","R$ 186,70"
Fractal Horns of Inner Abysm,Cores: Light Green,Desconhecido,Desconhecido,1,"R$ 186,00","R$ 0,00","R$ 0,00","R$ 186,00"
Chines of the Inquisitor,Desconhecido,Desconhecido,Desconhecido,1,"R$ 185,72","R$ 0,00","R$ 0,00","R$ 185,72"
Fin King's Charm,Desconhecido,Desconhecido,Desconhecido,21,"R$ 229,53","R$ 43,95","R$ 0,00","R$ 185,58"
Manifold Paradox LVL1,Desconhecido,Desconhecido,Desconhecido,2,"R$ 184,00","R$ 0,00","R$ 0,00","R$ 184,00"
Announcer: Rick and Morty,Desconhecido,Desconhecido,Desconhecido,7,"R$ 203,78","R$ 20,31","R$ 0,00","R$ 183,47"
World Chasm Artifact,Desconhecido,Desconhecido,Desconhecido,9,"R$ 285,83","R$ 103,84","R$ 0,00","R$ 181,99"
Ancestral Heritage,Desconhecido,Desconhecido,Desconhecido,4,"R$ 197,73","R$ 18,31","R$ 0,00","R$ 179,42"
Grand Suppressor '(30 dias para envio GIFT),Desconhecido,Desconhecido,Desconhecido,3,"R$ 179,00","R$ 0,00","R$ 0,00","R$ 179,00"
Peregrine Flight,Desconhecido,Desconhecido,Desconhecido,32,"R$ 211,65","R$ 33,57","R$ 0,00","R$ 178,08"
Provocation of Ruin Sword,Desconhecido,Desconhecido,Desconhecido,2,"R$ 186,40","R$ 9,32","R$ 0,00","R$ 177,08"
Grudges of the Gallows Tree (30 dias para envio GIFT),Desconhecido,Desconhecido,Desconhecido,3,"R$ 180,00","R$ 3,00","R$ 0,00","R$ 177,00"
Muh Keen Gun,Desconhecido,Desconhecido,Desconhecido,16,"R$ 294,36","R$ 117,97","R$ 0,00","R$ 176,39"
Fetters of Omniscience,Desconhecido,Desconhecido,Desconhecido,4,"R$ 297,54","R$ 122,77","R$ 0,00","R$ 174,77"
Pyrexae Polymorph Perfected '(30 dias para envio GIFT),Desconhecido,Desconhecido,Desconhecido,1,"R$ 174,00","R$ 0,00","R$ 0,00","R$ 174,00"
The Abscesserator Bundle,Desconhecido,Desconhecido,Desconhecido,6,"R$ 177,75","R$ 4,66","R$ 0,00","R$ 173,09"
Fissured Flight,Desconhecido,Desconhecido,Desconhecido,1,"R$ 172,91","R$ 0,00","R$ 0,00","R$ 172,91"
Carousal of the Mystic Masquerade,Desconhecido,Desconhecido,Desconhecido,1,"R$ 172,89","R$ 0,00","R$ 0,00","R$ 172,89"
Blue Horizons '(30 dias para envio GIFT),Desconhecido,Desconhecido,Desconhecido,2,"R$ 172,00","R$ 0,00","R$ 0,00","R$ 172,00"
Riddle of the Hierophant,Desconhecido,Desconhecido,Desconhecido,1,"R$ 172,00","R$ 0,00","R$ 0,00","R$ 172,00"
Silence of the Starweaver '(30 dias para envio GIFT),Desconhecido,Desconhecido,Desconhecido,3,"R$ 174,00","R$ 2,15","R$ 0,00","R$ 171,85"
Tines of Tybara,Desconhecido,Desconhecido,Desconhecido,15,"R$ 221,53","R$ 50,70","R$ 0,00","R$ 170,83"
Sword of the Outland Ravager,Desconhecido,Desconhecido,Desconhecido,2,"R$ 171,35","R$ 1,83","R$ 0,00","R$ 169,52"
Scarlet Subversion '(30 dias para envio GIFT),Desconhecido,Desconhecido,Desconhecido,3,"R$ 174,00","R$ 5,80","R$ 0,00","R$ 168,20"
Crescent Huntress '(30 dias para envio GIFT),Desconhecido,Desconhecido,Desconhecido,3,"R$ 167,00","R$ 0,00","R$ 0,00","R$ 167,00"
Sea Spirit '(30 dias para envio GIFT),Desconhecido,Desconhecido,Desconhecido,3,"R$ 191,00","R$ 24,10","R$ 0,00","R$ 166,90"
Inscribed Golden Basher of Mage Skulls,Desconhecido,Desconhecido,Desconhecido,4,"R$ 173,50","R$ 6,65","R$ 0,00","R$ 166,85"
Talons of the Endless Storm (30 dias para envio GIFT),Desconhecido,Desconhecido,Desconhecido,3,"R$ 169,30","R$ 2,50","R$ 0,00","R$ 166,80"
Silent Wight,Desconhecido,Desconhecido,Desconhecido,1,"R$ 171,69","R$ 5,15","R$ 0,00","R$ 166,54"
Forgotten Fate,Desconhecido,Desconhecido,Desconhecido,1,"R$ 169,03","R$ 3,38","R$ 0,00","R$ 165,65"
Pyrexae Polymorph Perfected(30 dias para envio GIFT),Desconhecido,Desconhecido,Desconhecido,1,"R$ 174,00","R$ 8,70","R$ 0,00","R$ 165,30"
Forbidden Medicine,Desconhecido,Desconhecido,Desconhecido,1,"R$ 165,00","R$ 0,00","R$ 0,00","R$ 165,00"
Hellborn Grasp,Desconhecido,Desconhecido,Desconhecido,6,"R$ 211,72","R$ 46,80","R$ 0,00","R$ 164,92"
Ancestral Heritage '(30 dias para envio GIFT),Desconhecido,Desconhecido,Desconhecido,3,"R$ 167,00","R$ 2,30","R$ 0,00","R$ 164,70"
Golden Offhand Basher of Mage Skulls,Desconhecido,Desconhecido,Desconhecido,5,"R$ 172,86","R$ 8,64","R$ 0,00","R$ 164,22"
Genuine Lamb to the Slaughter,Desconhecido,Desconhecido,Desconhecido,3,"R$ 173,73","R$ 10,47","R$ 0,00","R$ 163,26"
Tales of the Windward Rogue,Desconhecido,Desconhecido,Desconhecido,1,"R$ 163,00","R$ 0,00","R$ 0,00","R$ 163,00"
Ancient Inheritance,Desconhecido,Desconhecido,Desconhecido,1,"R$ 162,35","R$ 0,00","R$ 0,00","R$ 162,35"
Sacred Chamber Guardian '(30 dias para envio GIFT),Desconhecido,Desconhecido,Desconhecido,3,"R$ 164,00","R$ 3,29","R$ 0,00","R$ 160,71"
Astral Drift,Desconhecido,Desconhecido,Desconhecido,6,"R$ 176,98","R$ 16,37","R$ 0,00","R$ 160,61"
Arcane Inverter,Desconhecido,Desconhecido,Desconhecido,1,"R$ 165,09","R$ 4,95","R$ 0,00","R$ 160,14"
Sacred Chamber Guardian,Desconhecido,Desconhecido,Desconhecido,2,"R$ 164,95","R$ 4,87","R$ 0,00","R$ 160,08"
Inscribed Reaper's Wreath,Desconhecido,Desconhecido,Desconhecido,5,"R$ 164,79","R$ 4,77","R$ 0,00","R$ 160,02"
Genuine Bloodfeather Wings,Desconhecido,Desconhecido,Desconhecido,5,"R$ 177,37","R$ 18,30","R$ 0,00","R$ 159,07"
Litany of the Damned,Desconhecido,Desconhecido,Desconhecido,1,"R$ 159,00","R$ 0,00","R$ 0,00","R$ 159,00"
Transcendent Path,Desconhecido,Desconhecido,Desconhecido,1,"R$ 158,97","R$ 0,00","R$ 0,00","R$ 158,97"
Etienne's Revenge,Desconhecido,Desconhecido,Desconhecido,8,"R$ 222,12","R$ 63,24","R$ 0,00","R$ 158,88"
Silence of the Starweaver,Desconhecido,Desconhecido,Desconhecido,2,"R$ 224,00","R$ 65,70","R$ 0,00","R$ 158,30"
Mechamancer,Desconhecido,Desconhecido,Desconhecido,1,"R$ 175,00","R$ 16,83","R$ 0,00","R$ 158,17"
Songs of Starfall Glen '(30 dias para envio GIFT),Desconhecido,Desconhecido,Desconhecido,4,"R$ 160,00","R$ 2,10","R$ 0,00","R$ 157,90"
Inscribed Sullen Hollow,Desconhecido,Desconhecido,Desconhecido,3,"R$ 163,08","R$ 5,68","R$ 0,00","R$ 157,40"
Arcane Inverter (30 dias para envio GIFT),Desconhecido,Desconhecido,Desconhecido,2,"R$ 161,00","R$ 4,30","R$ 0,00","R$ 156,70"
Golden Basher of Mage Skulls,Desconhecido,Desconhecido,Desconhecido,4,"R$ 164,32","R$ 8,22","R$ 0,00","R$ 156,10"
Silent Slayer (30 dias para envio GIFT),Desconhecido,Desconhecido,Desconhecido,2,"R$ 160,00","R$ 4,00","R$ 0,00","R$ 156,00"
Secrets of the Celestial (30 dias para envio GIFT),Desconhecido,Desconhecido,Desconhecido,3,"R$ 158,00","R$ 2,90","R$ 0,00","R$ 155,10"
Inscribed Hellborn Grasp,Desconhecido,Desconhecido,Desconhecido,5,"R$ 156,25","R$ 1,18","R$ 0,00","R$ 155,07"
Forlorn Descent,Desconhecido,Desconhecido,Desconhecido,1,"R$ 155,03","R$ 0,00","R$ 0,00","R$ 155,03"
Withering Pain '(30 dias para envio GIFT),Desconhecido,Desconhecido,Desconhecido,3,"R$ 155,00","R$ 0,00","R$ 0,00","R$ 155,00"
International 2024 Versus Screen,Desconhecido,Desconhecido,Desconhecido,2,"R$ 165,89","R$ 11,30","R$ 0,00","R$ 154,59"
Blade of the Demonic Vessel,Desconhecido,Desconhecido,Desconhecido,5,"R$ 168,63","R$ 14,09","R$ 0,00","R$ 154,54"
Tales of the Windward Rogue (30 dias para envio GIFT),Desconhecido,Desconhecido,Desconhecido,2,"R$ 158,00","R$ 3,95","R$ 0,00","R$ 154,05"
Origin of the Unmaking,Desconhecido,Desconhecido,Desconhecido,3,"R$ 153,74","R$ 0,00","R$ 0,00","R$ 153,74"
Wrath of the Fallen (30 dias para envio GIFT),Desconhecido,Desconhecido,Desconhecido,3,"R$ 156,00","R$ 2,50","R$ 0,00","R$ 153,50"
Golden Basher Blades,Desconhecido,Desconhecido,Desconhecido,2,"R$ 154,84","R$ 1,90","R$ 0,00","R$ 152,94"
Secrets of the Frost Singularity(30 dias para envio GIFT),Desconhecido,Desconhecido,Desconhecido,3,"R$ 158,00","R$ 5,40","R$ 0,00","R$ 152,60"
Red Sands Marauder,Desconhecido,Desconhecido,Desconhecido,1,"R$ 174,27","R$ 22,08","R$ 0,00","R$ 152,19"
Twilight Hex,Desconhecido,Desconhecido,Desconhecido,1,"R$ 155,00","R$ 3,10","R$ 0,00","R$ 151,90"
Inscribed The Devotions of Dragonus - Wings,Desconhecido,Desconhecido,Desconhecido,1,"R$ 151,49","R$ 0,00","R$ 0,00","R$ 151,49"
Darkfeather Factioneer '(30 dias para envio GIFT),Desconhecido,Desconhecido,Desconhecido,2,"R$ 150,00","R$ 0,00","R$ 0,00","R$ 150,00"
Days of the Demon (30 dias para envio GIFT),Desconhecido,Desconhecido,Desconhecido,2,"R$ 150,00","R$ 0,00","R$ 0,00","R$ 150,00"
Hunter's Hoard,Desconhecido,Desconhecido,Desconhecido,4,"R$ 151,89","R$ 2,52","R$ 0,00","R$ 149,37"
Fires of the Volcanic Guard,Desconhecido,Desconhecido,Desconhecido,1,"R$ 149,00","R$ 0,00","R$ 0,00","R$ 149,00"
Darkfeather Factioneer(30 dias para envio GIFT),Desconhecido,Desconhecido,Desconhecido,3,"R$ 150,00","R$ 1,00","R$ 0,00","R$ 149,00"
Jewel of Aeons,Desconhecido,Desconhecido,Desconhecido,22,"R$ 163,57","R$ 14,81","R$ 0,00","R$ 148,76"
Dark Artistry Hair,Desconhecido,Desconhecido,Desconhecido,2,"R$ 156,00","R$ 7,80","R$ 0,00","R$ 148,20"
Inscribed Blade of Tears,Desconhecido,Desconhecido,Desconhecido,1,"R$ 150,28","R$ 2,24","R$ 0,00","R$ 148,04"
Mandate of the Stormborn,Desconhecido,Desconhecido,Desconhecido,16,"R$ 181,46","R$ 34,25","R$ 0,00","R$ 147,21"
Dipper the Destroyer Bundle,Desconhecido,Desconhecido,Desconhecido,10,"R$ 186,88","R$ 39,74","R$ 0,00","R$ 147,14"
Mulctant Pall,Desconhecido,Desconhecido,Desconhecido,4,"R$ 238,01","R$ 91,22","R$ 0,00","R$ 146,79"
Genuine Eternal Radiance Blades,Desconhecido,Desconhecido,Desconhecido,1,"R$ 146,30","R$ 0,00","R$ 0,00","R$ 146,30"
Dipper the Destroyer,Desconhecido,Desconhecido,Desconhecido,13,"R$ 167,42","R$ 21,16","R$ 0,00","R$ 146,26"
Crown of Calaphas,Desconhecido,Desconhecido,Desconhecido,1,"R$ 149,00","R$ 2,98","R$ 0,00","R$ 146,02"
Transcendent Path(30 dias para envio GIFT),Desconhecido,Desconhecido,Desconhecido,5,"R$ 146,00","R$ 0,00","R$ 0,00","R$ 146,00"
Autographed Reaper's Wreath,Desconhecido,Desconhecido,Desconhecido,5,"R$ 146,44","R$ 0,62","R$ 0,00","R$ 145,82"
Fractal Horns of Inner Abysm,Cor: Explosive Burst,Desconhecido,Desconhecido,1,"R$ 146,28","R$ 0,90","R$ 0,00","R$ 145,38"
Origins of Faith,Desconhecido,Desconhecido,Desconhecido,7,"R$ 150,04","R$ 4,77","R$ 0,00","R$ 145,27"
Scree'auk's Talon,Desconhecido,Desconhecido,Desconhecido,3,"R$ 147,89","R$ 2,75","R$ 0,00","R$ 145,14"
Ravenous Abyss Loading Screen,Desconhecido,Desconhecido,Desconhecido,1,"R$ 145,00","R$ 0,00","R$ 0,00","R$ 145,00"
Creed of the Skullhound(30 dias para envio GIFT),Desconhecido,Desconhecido,Desconhecido,2,"R$ 145,00","R$ 0,00","R$ 0,00","R$ 145,00"
The King Of Thieves,Desconhecido,Desconhecido,Desconhecido,1,"R$ 144,65","R$ 0,00","R$ 0,00","R$ 144,65"
Fractal Horns of Inner Abysm,Gemas Prismáticas: Explosão Bombástica,Desconhecido,Desconhecido,1,"R$ 144,60","R$ 0,00","R$ 0,00","R$ 144,60"
Dam'arakan Muzzle,Desconhecido,Desconhecido,Desconhecido,3,"R$ 169,73","R$ 25,30","R$ 0,00","R$ 144,43"
Loaded Prospects,Desconhecido,Desconhecido,Desconhecido,1,"R$ 144,28","R$ 0,00","R$ 0,00","R$ 144,28"
Secrets of the Celestial,Desconhecido,Desconhecido,Desconhecido,1,"R$ 146,89","R$ 2,64","R$ 0,00","R$ 144,25"
Desert Burn,Desconhecido,Desconhecido,Desconhecido,1,"R$ 146,63","R$ 2,93","R$ 0,00","R$ 143,70"
Glory of the Elderflame,Desconhecido,Desconhecido,Desconhecido,1,"R$ 169,00","R$ 25,35","R$ 0,00","R$ 143,65"
Songs of Starfall Glen (30 dias para envio GIFT),Desconhecido,Desconhecido,Desconhecido,4,"R$ 143,00","R$ 0,00","R$ 0,00","R$ 143,00"
Apocalypse Unbound,Desconhecido,Desconhecido,Desconhecido,1,"R$ 142,85","R$ 0,00","R$ 0,00","R$ 142,85"
Genuine Blade of Tears,Desconhecido,Desconhecido,Desconhecido,1,"R$ 142,25","R$ 0,00","R$ 0,00","R$ 142,25"
Inscribed Swift Claw,Desconhecido,Desconhecido,Desconhecido,3,"R$ 143,27","R$ 1,40","R$ 0,00","R$ 141,87"
Perception of the First Light,Desconhecido,Desconhecido,Desconhecido,2,"R$ 143,85","R$ 2,88","R$ 0,00","R$ 140,97"
Inscribed Fractal Horns of Inner Abysm,Desconhecido,Desconhecido,Desconhecido,1,"R$ 148,23","R$ 7,41","R$ 0,00","R$ 140,82"
Visions of the Lifted Veil '(30 dias para envio GIFT),Desconhecido,Desconhecido,Desconhecido,1,"R$ 148,00","R$ 7,40","R$ 0,00","R$ 140,60"
Sylvan Cascade,Desconhecido,Desconhecido,Desconhecido,17,"R$ 166,56","R$ 27,21","R$ 0,00","R$ 139,35"
Directive of the Sunbound '(30 dias para envio GIFT),Desconhecido,Desconhecido,Desconhecido,2,"R$ 136,00","R$ 0,00","R$ 0,00","R$ 136,00"
Thirst of Eztzhok Blade,Desconhecido,Desconhecido,Desconhecido,6,"R$ 167,34","R$ 31,66","R$ 0,00","R$ 135,68"
Svarog the Infernal,Desconhecido,Desconhecido,Desconhecido,5,"R$ 163,80","R$ 28,35","R$ 0,00","R$ 135,45"
Primal Paean,Desconhecido,Desconhecido,Desconhecido,9,"R$ 159,26","R$ 24,17","R$ 0,00","R$ 135,09"
Exalted Fractal Horns of Inner Abysm,Desconhecido,Desconhecido,Desconhecido,1,"R$ 135,00","R$ 0,00","R$ 0,00","R$ 135,00"
Astral Herald '(30 dias para envio GIFT),Desconhecido,Desconhecido,Desconhecido,3,"R$ 138,00","R$ 3,15","R$ 0,00","R$ 134,85"
Souls Tyrant (30 dias para envio GIFT),Desconhecido,Desconhecido,Desconhecido,1,"R$ 134,00","R$ 0,00","R$ 0,00","R$ 134,00"
Scales of the Shadow Walker '(30 dias para envio GIFT),Desconhecido,Desconhecido,Desconhecido,2,"R$ 140,00","R$ 6,50","R$ 0,00","R$ 133,50"
Dread of Night,Desconhecido,Desconhecido,Desconhecido,5,"R$ 160,20","R$ 27,30","R$ 0,00","R$ 132,90"
Spring Lineage Pauldrons of Eternal Harvest,Desconhecido,Desconhecido,Desconhecido,2,"R$ 136,00","R$ 3,40","R$ 0,00","R$ 132,60"
Caerulean Star,Desconhecido,Desconhecido,Desconhecido,1,"R$ 132,00","R$ 0,00","R$ 0,00","R$ 132,00"
Jagged Honor Blade,Desconhecido,Desconhecido,Desconhecido,2,"R$ 136,11","R$ 4,25","R$ 0,00","R$ 131,86"
Inscribed Golden Offhand Basher of Mage Skulls,Desconhecido,Desconhecido,Desconhecido,4,"R$ 135,85","R$ 5,05","R$ 0,00","R$ 130,80"
The Molten Fist,Desconhecido,Desconhecido,Desconhecido,5,"R$ 131,60","R$ 1,10","R$ 0,00","R$ 130,50"
Inverse Bayonet,Desconhecido,Desconhecido,Desconhecido,5,"R$ 133,85","R$ 3,50","R$ 0,00","R$ 130,35"
Vile Vessel,Desconhecido,Desconhecido,Desconhecido,2,"R$ 130,00","R$ 0,00","R$ 0,00","R$ 130,00"
Unusual Northern Blight Style,Desconhecido,Desconhecido,Desconhecido,1,"R$ 132,84","R$ 3,24","R$ 0,00","R$ 129,60"
Fate Meridian '(30 dias para envio GIFT),Desconhecido,Desconhecido,Desconhecido,1,"R$ 136,00","R$ 6,80","R$ 0,00","R$ 129,20"
Cursed Cryptbreaker,Desconhecido,Desconhecido,Desconhecido,1,"R$ 128,99","R$ 0,00","R$ 0,00","R$ 128,99"
Cult of Aktok,Desconhecido,Desconhecido,Desconhecido,8,"R$ 136,64","R$ 8,05","R$ 0,00","R$ 128,59"
Tendrils of the Timeless,Desconhecido,Desconhecido,Desconhecido,4,"R$ 129,60","R$ 1,30","R$ 0,00","R$ 128,30"
Staff of the Demon Trickster,Desconhecido,Desconhecido,Desconhecido,6,"R$ 165,31","R$ 37,25","R$ 0,00","R$ 128,06"
Orbuculum Equinox,Desconhecido,Desconhecido,Desconhecido,1,"R$ 127,15","R$ 0,00","R$ 0,00","R$ 127,15"
Autographed Manifold Paradox,Desconhecido,Desconhecido,Desconhecido,1,"R$ 128,73","R$ 2,57","R$ 0,00","R$ 126,16"
March of the Crackerjack Mage '(30 dias para envio GIFT),Desconhecido,Desconhecido,Desconhecido,2,"R$ 126,00","R$ 0,00","R$ 0,00","R$ 126,00"
Elder Timebreaker,Desconhecido,Desconhecido,Desconhecido,1,"R$ 125,00","R$ 0,00","R$ 0,00","R$ 125,00"
Inscribed Fiery Soul of the Slayer,Desconhecido,Desconhecido,Desconhecido,1,"R$ 124,20","R$ 0,00","R$ 0,00","R$ 124,20"
Infused Blade of the Fractured Order,Desconhecido,Desconhecido,Desconhecido,2,"R$ 124,82","R$ 1,24","R$ 0,00","R$ 123,58"
Eyriebound Imperator,Desconhecido,Desconhecido,Desconhecido,1,"R$ 136,00","R$ 13,60","R$ 0,00","R$ 122,40"
Mecha Nyx,Desconhecido,Desconhecido,Desconhecido,4,"R$ 122,20","R$ 0,00","R$ 0,00","R$ 122,20"
The Arts of Mortal Deception,Desconhecido,Desconhecido,Desconhecido,1,"R$ 122,19","R$ 0,00","R$ 0,00","R$ 122,19"
The Sunbreeze Birthright,Desconhecido,Desconhecido,Desconhecido,5,"R$ 132,38","R$ 10,91","R$ 0,00","R$ 121,47"
Baby Roshan,Desconhecido,Desconhecido,Desconhecido,3,"R$ 131,04","R$ 10,00","R$ 0,00","R$ 121,04"
War Rig Eradicators '(30 dias para envio GIFT),Desconhecido,Desconhecido,Desconhecido,2,"R$ 121,00","R$ 0,00","R$ 0,00","R$ 121,00"
Test of the Basilisk Lord(30 dias para envio GIFT),Desconhecido,Desconhecido,Desconhecido,2,"R$ 120,00","R$ 0,00","R$ 0,00","R$ 120,00"
Blades of the Foulfell Corruptor,Desconhecido,Desconhecido,Desconhecido,2,"R$ 147,07","R$ 27,65","R$ 0,00","R$ 119,42"
Inscribed Piston Impaler,Desconhecido,Desconhecido,Desconhecido,8,"R$ 122,77","R$ 3,87","R$ 0,00","R$ 118,90"
Action Figure,Modelo: Crystal Maiden,Desconhecido,Desconhecido,2,"R$ 118,90","R$ 0,00","R$ 0,00","R$ 118,90"
The Hallows Within Tombstone,Desconhecido,Desconhecido,Desconhecido,4,"R$ 147,48","R$ 29,08","R$ 0,00","R$ 118,40"
Fury of the Righteous Storm '(30 dias para envio GIFT),Desconhecido,Desconhecido,Desconhecido,3,"R$ 120,00","R$ 2,07","R$ 0,00","R$ 117,93"
Phantom Balladeer,Desconhecido,Desconhecido,Desconhecido,4,"R$ 120,40","R$ 2,50","R$ 0,00","R$ 117,90"
Radiant Conqueror Back,Desconhecido,Desconhecido,Desconhecido,1,"R$ 117,00","R$ 0,00","R$ 0,00","R$ 117,00"
Orb of Deliverance,Desconhecido,Desconhecido,Desconhecido,14,"R$ 128,19","R$ 11,23","R$ 0,00","R$ 116,96"
Exalted Feast of Abscession LVL 2,Desconhecido,Desconhecido,Desconhecido,1,"R$ 116,33","R$ 0,00","R$ 0,00","R$ 116,33"
Helm of the Ardalan Interdictor,Desconhecido,Desconhecido,Desconhecido,2,"R$ 118,00","R$ 1,77","R$ 0,00","R$ 116,23"
Claddish Cudgel,Desconhecido,Desconhecido,Desconhecido,3,"R$ 152,00","R$ 35,97","R$ 0,00","R$ 116,03"
Wrath of the Fallen '(30 dias para envio GIFT),Desconhecido,Desconhecido,Desconhecido,2,"R$ 116,00","R$ 0,00","R$ 0,00","R$ 116,00"
Pitmouse Fraternity,Desconhecido,Desconhecido,Desconhecido,1,"R$ 116,00","R$ 0,00","R$ 0,00","R$ 116,00"
Appetites of the Lizard King '(30 dias para envio GIFT),Desconhecido,Desconhecido,Desconhecido,1,"R$ 122,00","R$ 6,10","R$ 0,00","R$ 115,90"
War Rig Eradicators,Desconhecido,Desconhecido,Desconhecido,1,"R$ 117,98","R$ 2,52","R$ 0,00","R$ 115,46"
Inscribed The Lightning Orchid,Desconhecido,Desconhecido,Desconhecido,13,"R$ 149,58","R$ 34,12","R$ 0,00","R$ 115,46"
Ripper's Reel,Desconhecido,Desconhecido,Desconhecido,11,"R$ 150,49","R$ 35,36","R$ 0,00","R$ 115,13"
Pale Mausoleum,Desconhecido,Desconhecido,Desconhecido,7,"R$ 155,55","R$ 40,49","R$ 0,00","R$ 115,06"
Red Sands Marauder (30 dias para envio GIFT),Desconhecido,Desconhecido,Desconhecido,2,"R$ 117,00","R$ 2,85","R$ 0,00","R$ 114,15"
Ire of the Ancient Gaoler '(30 dias para envio GIFT),Desconhecido,Desconhecido,Desconhecido,1,"R$ 114,00","R$ 0,00","R$ 0,00","R$ 114,00"
Sublime Equilibrium(30 dias para envio GIFT),Desconhecido,Desconhecido,Desconhecido,1,"R$ 114,00","R$ 0,00","R$ 0,00","R$ 114,00"
Alluvion Prophecy,Desconhecido,Desconhecido,Desconhecido,7,"R$ 115,65","R$ 2,14","R$ 0,00","R$ 113,51"
Auspicious Blades of Voth Domosh,Desconhecido,Desconhecido,Desconhecido,1,"R$ 162,00","R$ 50,00","R$ 0,00","R$ 112,00"
Inscribed Magus Accord,Desconhecido,Desconhecido,Desconhecido,1,"R$ 111,46","R$ 0,00","R$ 0,00","R$ 111,46"
Inscribed Feast of Abscession,Desconhecido,Desconhecido,Desconhecido,1,"R$ 110,71","R$ 0,00","R$ 0,00","R$ 110,71"
Dread Ascendance (30 dias para envio GIFT),Desconhecido,Desconhecido,Desconhecido,1,"R$ 157,50","R$ 47,25","R$ 0,00","R$ 110,25"
The Lightning Orchid,Desconhecido,Desconhecido,Desconhecido,10,"R$ 114,39","R$ 4,16","R$ 0,00","R$ 110,23"
The Hallows Within Bundle,Desconhecido,Desconhecido,Desconhecido,2,"R$ 113,44","R$ 3,22","R$ 0,00","R$ 110,22"
Glimmer of the Sacred Hunt '(30 dias para envio GIFT),Desconhecido,Desconhecido,Desconhecido,1,"R$ 114,00","R$ 3,80","R$ 0,00","R$ 110,20"
Spirit of the Sacred Grove,Desconhecido,Desconhecido,Desconhecido,1,"R$ 110,00","R$ 0,00","R$ 0,00","R$ 110,00"
Stonemarch Sovereign '(30 dias para envio GIFT),Desconhecido,Desconhecido,Desconhecido,1,"R$ 114,00","R$ 4,10","R$ 0,00","R$ 109,90"
Reaper of the Waning Veil,Desconhecido,Desconhecido,Desconhecido,2,"R$ 110,00","R$ 1,10","R$ 0,00","R$ 108,90"
Urchin of Kazim,Desconhecido,Desconhecido,Desconhecido,2,"R$ 110,00","R$ 1,10","R$ 0,00","R$ 108,90"
Manifold Paradox,Desconhecido,644964380,"R$ 132,15",1,"R$ 136,02","R$ 27,20","R$ 0,00","R$ 108,82"
Bonkers of Awaleb,Desconhecido,Desconhecido,Desconhecido,4,"R$ 112,09","R$ 3,48","R$ 0,00","R$ 108,61"
Bloodfeather Wings,Desconhecido,Desconhecido,Desconhecido,3,"R$ 110,35","R$ 2,00","R$ 0,00","R$ 108,35"
Shackles of the Enduring Conscript (30 dias para envio GIFT),Desconhecido,Desconhecido,Desconhecido,2,"R$ 111,00","R$ 3,10","R$ 0,00","R$ 107,90"
Bitter Lineage,Desconhecido,Desconhecido,Desconhecido,7,"R$ 130,71","R$ 22,87","R$ 0,00","R$ 107,84"
Golden Edge of the Lost Order,Desconhecido,Desconhecido,Desconhecido,18,"R$ 110,21","R$ 2,58","R$ 0,00","R$ 107,63"
Genuine Sullen Hollow,Desconhecido,Desconhecido,Desconhecido,2,"R$ 109,00","R$ 1,41","R$ 0,00","R$ 107,59"
Crimson Dawn '(30 dias para envio GIFT),Desconhecido,Desconhecido,Desconhecido,2,"R$ 107,00","R$ 0,00","R$ 0,00","R$ 107,00"
Grand Suppressor,Desconhecido,Desconhecido,Desconhecido,1,"R$ 118,00","R$ 11,56","R$ 0,00","R$ 106,44"
The King Of Thieves (30 dias para envio GIFT),Desconhecido,Desconhecido,Desconhecido,3,"R$ 122,70","R$ 16,31","R$ 0,00","R$ 106,39"
Astral Terminus '(30 dias para envio GIFT),Desconhecido,Desconhecido,Desconhecido,2,"R$ 106,00","R$ 0,00","R$ 0,00","R$ 106,00"
Golden Profane Union,Desconhecido,Desconhecido,Desconhecido,15,"R$ 108,00","R$ 2,01","R$ 0,00","R$ 105,99"
Glutton of Punishment,Desconhecido,Desconhecido,Desconhecido,3,"R$ 105,00","R$ 0,00","R$ 0,00","R$ 105,00"
Inscribed Magus Apex,Desconhecido,Desconhecido,Desconhecido,10,"R$ 109,37","R$ 4,46","R$ 0,00","R$ 104,91"
Fractal Horns of Inner Abysm,Cores: Ships in the Night,Desconhecido,Desconhecido,1,"R$ 110,00","R$ 5,50","R$ 0,00","R$ 104,50"
Shadow Stalker,Desconhecido,Desconhecido,Desconhecido,2,"R$ 104,50","R$ 0,00","R$ 0,00","R$ 104,50"
Fractal Horns of Inner Abysm,Modelo: Reflection's Shade,Desconhecido,Desconhecido,1,"R$ 110,00","R$ 5,50","R$ 0,00","R$ 104,50"
Shock of the Anvil,Desconhecido,Desconhecido,Desconhecido,12,"R$ 115,03","R$ 10,81","R$ 0,00","R$ 104,22"
Fractal Horns of Inner Abysm,Cores: Reflection's Shade,Desconhecido,Desconhecido,1,"R$ 109,60","R$ 5,48","R$ 0,00","R$ 104,12"
Harrow's Harvest,Desconhecido,Desconhecido,Desconhecido,3,"R$ 105,00","R$ 1,96","R$ 0,00","R$ 103,04"
Thirst of Eztzhok - Off-Hand,Desconhecido,Desconhecido,Desconhecido,7,"R$ 121,72","R$ 20,33","R$ 0,00","R$ 101,39"
Crownfall - Dire Siege Creeps,Desconhecido,Desconhecido,Desconhecido,92,"R$ 106,60","R$ 5,32","R$ 0,00","R$ 101,28"
Fractal Horns of Inner Abysm,Cores: Miasmatic Grey,Desconhecido,Desconhecido,1,"R$ 144,30","R$ 43,29","R$ 0,00","R$ 101,01"
Mariposa Mori,Desconhecido,Desconhecido,Desconhecido,4,"R$ 100,80","R$ 0,50","R$ 0,00","R$ 100,30"
Brands of the Reaper(30 dias para envio GIFT),Desconhecido,Desconhecido,Desconhecido,1,"R$ 100,00","R$ 0,00","R$ 0,00","R$ 100,00"
Scorched Amber '(30 dias para envio GIFT),Desconhecido,Desconhecido,Desconhecido,1,"R$ 100,00","R$ 0,00","R$ 0,00","R$ 100,00"
Song of the Shadow Dragon - Blade,Desconhecido,Desconhecido,Desconhecido,2,"R$ 99,79","R$ 0,00","R$ 0,00","R$ 99,79"
Insatiable Bonesaw,Desconhecido,Desconhecido,Desconhecido,1,"R$ 99,52","R$ 0,00","R$ 0,00","R$ 99,52"
Blightfall '(30 dias para envio GIFT),Desconhecido,Desconhecido,Desconhecido,3,"R$ 167,00","R$ 67,74","R$ 0,00","R$ 99,26"
Stonemarch Sovereign (30 dias para envio GIFT),Desconhecido,Desconhecido,Desconhecido,1,"R$ 99,00","R$ 0,00","R$ 0,00","R$ 99,00"
Inscribed Shock of the Anvil,Desconhecido,Desconhecido,Desconhecido,9,"R$ 110,75","R$ 11,94","R$ 0,00","R$ 98,81"
Angler in the Abyss,Desconhecido,Desconhecido,Desconhecido,4,"R$ 100,00","R$ 1,29","R$ 0,00","R$ 98,71"
Primeval Abomination,Desconhecido,Desconhecido,Desconhecido,3,"R$ 100,00","R$ 1,89","R$ 0,00","R$ 98,11"
Priest of the Proudsilver Clan (30 dias para envio GIFT),Desconhecido,Desconhecido,Desconhecido,2,"R$ 100,00","R$ 2,50","R$ 0,00","R$ 97,50"
Chaos Arbiter,Desconhecido,Desconhecido,Desconhecido,10,"R$ 131,62","R$ 34,55","R$ 0,00","R$ 97,07"
Almond the Frondillo,Desconhecido,Desconhecido,Desconhecido,9,"R$ 117,27","R$ 20,52","R$ 0,00","R$ 96,75"
Astral Herald,Desconhecido,Desconhecido,Desconhecido,3,"R$ 97,50","R$ 0,75","R$ 0,00","R$ 96,75"
AXE,Desconhecido,Desconhecido,Desconhecido,1,"R$ 96,00","R$ 0,00","R$ 0,00","R$ 96,00"
Shellshock Saturnalia,Desconhecido,Desconhecido,Desconhecido,3,"R$ 97,20","R$ 1,85","R$ 0,00","R$ 95,35"
Pursuit of the Ember Demons,Desconhecido,Desconhecido,Desconhecido,1,"R$ 100,00","R$ 5,00","R$ 0,00","R$ 95,00"
Autographed Magus Accord,Desconhecido,Desconhecido,Desconhecido,1,"R$ 97,02","R$ 2,36","R$ 0,00","R$ 94,66"
Genuine Molten Claw,Desconhecido,Desconhecido,Desconhecido,2,"R$ 94,42","R$ 0,00","R$ 0,00","R$ 94,42"
Garb of the Corridan Maestro,Desconhecido,Desconhecido,Desconhecido,6,"R$ 94,69","R$ 1,10","R$ 0,00","R$ 93,59"
Clearcut Cavalier (30 dias para envio GIFT),Desconhecido,Desconhecido,Desconhecido,2,"R$ 96,00","R$ 2,65","R$ 0,00","R$ 93,35"
Carousal of the Mystic Masquerade (30 dias para envio GIFT),Desconhecido,Desconhecido,Desconhecido,2,"R$ 98,00","R$ 4,90","R$ 0,00","R$ 93,10"
Soul Shredder Bundle,Desconhecido,Desconhecido,Desconhecido,1,"R$ 116,91","R$ 23,84","R$ 0,00","R$ 93,07"
Mortar Forge '(30 dias para envio GIFT),Desconhecido,Desconhecido,Desconhecido,1,"R$ 93,00","R$ 0,00","R$ 0,00","R$ 93,00"
Scavenging Guttleslug,Desconhecido,Desconhecido,Desconhecido,22,"R$ 101,19","R$ 8,80","R$ 0,00","R$ 92,39"
Eyriebound Imperator '(30 dias para envio GIFT),Desconhecido,Desconhecido,Desconhecido,1,"R$ 92,00","R$ 0,00","R$ 0,00","R$ 92,00"
Elegy of the Reaper,Desconhecido,Desconhecido,Desconhecido,3,"R$ 101,00","R$ 9,57","R$ 0,00","R$ 91,43"
Altar Ball,Desconhecido,Desconhecido,Desconhecido,9,"R$ 108,56","R$ 17,46","R$ 0,00","R$ 91,10"
Sufferwood Sapling,Desconhecido,Desconhecido,Desconhecido,14,"R$ 106,87","R$ 16,90","R$ 0,00","R$ 89,97"
Inscribed Bonkers the Mad,Desconhecido,Desconhecido,Desconhecido,10,"R$ 94,28","R$ 4,39","R$ 0,00","R$ 89,89"
Scythe of Vyse,Desconhecido,Desconhecido,Desconhecido,3,"R$ 89,88","R$ 0,00","R$ 0,00","R$ 89,88"
Spectral Shadow,Desconhecido,Desconhecido,Desconhecido,2,"R$ 92,00","R$ 2,30","R$ 0,00","R$ 89,70"
Spectral Shadow '(30 dias para envio GIFT),Desconhecido,Desconhecido,Desconhecido,3,"R$ 138,00","R$ 48,30","R$ 0,00","R$ 89,70"
Defender of the Brumal Crest '(30 dias para envio GIFT),Desconhecido,Desconhecido,Desconhecido,2,"R$ 92,00","R$ 2,30","R$ 0,00","R$ 89,70"
Third Awakening (30 dias para envio GIFT),Desconhecido,Desconhecido,Desconhecido,1,"R$ 89,00","R$ 0,00","R$ 0,00","R$ 89,00"
Dezun Viper '(30 dias para envio GIFT),Desconhecido,Desconhecido,Desconhecido,2,"R$ 92,00","R$ 3,00","R$ 0,00","R$ 89,00"
Crownfall - Radiant Siege Creeps,Desconhecido,Desconhecido,Desconhecido,79,"R$ 94,98","R$ 6,15","R$ 0,00","R$ 88,83"
Anthozoan Assault '(30 dias para envio GIFT),Desconhecido,Desconhecido,Desconhecido,1,"R$ 93,00","R$ 4,65","R$ 0,00","R$ 88,35"
Golden Immortal Pantheon,Desconhecido,Desconhecido,Desconhecido,15,"R$ 129,07","R$ 40,91","R$ 0,00","R$ 88,16"
Thundervolt,Desconhecido,Desconhecido,Desconhecido,3,"R$ 88,00","R$ 0,00","R$ 0,00","R$ 88,00"
Evolution of the Infinite (30 dias para envio GIFT),Desconhecido,Desconhecido,Desconhecido,2,"R$ 88,00","R$ 0,00","R$ 0,00","R$ 88,00"
Appetites of the Lizard King (30 dias para envio GIFT),Desconhecido,Desconhecido,Desconhecido,1,"R$ 124,20","R$ 37,26","R$ 0,00","R$ 86,94"
Infused Mantle of the Truebark Adherent,Desconhecido,Desconhecido,Desconhecido,3,"R$ 92,70","R$ 5,85","R$ 0,00","R$ 86,85"
Foreseen Horizons,Desconhecido,Desconhecido,Desconhecido,3,"R$ 97,20","R$ 10,77","R$ 0,00","R$ 86,43"
Astral Origins - Back,Desconhecido,Desconhecido,Desconhecido,3,"R$ 98,00","R$ 11,58","R$ 0,00","R$ 86,42"
Unusual Claws of the Crystal Drift,Desconhecido,Desconhecido,Desconhecido,1,"R$ 90,00","R$ 3,95","R$ 0,00","R$ 86,05"
Mindless Slaughter '(30 dias para envio GIFT),Desconhecido,Desconhecido,Desconhecido,1,"R$ 86,00","R$ 0,00","R$ 0,00","R$ 86,00"
Forbidden Medicine '(30 dias para envio GIFT),Desconhecido,Desconhecido,Desconhecido,1,"R$ 86,00","R$ 0,00","R$ 0,00","R$ 86,00"
Allure of the Faeshade Flower '(30 dias para envio GIFT),Desconhecido,Desconhecido,Desconhecido,1,"R$ 86,00","R$ 0,00","R$ 0,00","R$ 86,00"
Dawn of a Darkness Foretold '(30 dias para envio GIFT),Desconhecido,Desconhecido,Desconhecido,2,"R$ 88,00","R$ 2,20","R$ 0,00","R$ 85,80"
Hidden Vector - Blade,Desconhecido,Desconhecido,Desconhecido,2,"R$ 87,29","R$ 1,60","R$ 0,00","R$ 85,69"
The Abominable Snowbeast - Head,Desconhecido,Desconhecido,Desconhecido,3,"R$ 88,04","R$ 2,52","R$ 0,00","R$ 85,52"
Sight of the Kha-Ren Faithful '(30 dias para envio GIFT),Desconhecido,Desconhecido,Desconhecido,1,"R$ 85,00","R$ 0,00","R$ 0,00","R$ 85,00"
Rapier of the Burning God,Desconhecido,Desconhecido,Desconhecido,4,"R$ 114,82","R$ 30,00","R$ 0,00","R$ 84,82"
Strongback the Swift,Desconhecido,Desconhecido,Desconhecido,1,"R$ 89,00","R$ 4,45","R$ 0,00","R$ 84,55"
Hunter of the Crystal Drift,Desconhecido,Desconhecido,Desconhecido,3,"R$ 84,32","R$ 0,00","R$ 0,00","R$ 84,32"
The Wilding Tiger '(30 dias para envio GIFT),Desconhecido,Desconhecido,Desconhecido,2,"R$ 85,00","R$ 0,84","R$ 0,00","R$ 84,16"
Infused Tunic of the Wandering Flame,Desconhecido,Desconhecido,Desconhecido,4,"R$ 84,88","R$ 0,87","R$ 0,00","R$ 84,01"
Verdant Predator '(30 dias para envio GIFT),Desconhecido,Desconhecido,Desconhecido,2,"R$ 85,00","R$ 1,15","R$ 0,00","R$ 83,85"
Scorching Talon,Desconhecido,Desconhecido,Desconhecido,1,"R$ 88,20","R$ 4,41","R$ 0,00","R$ 83,79"
Blaze of Oblivion (30 dias para envio GIFT),Desconhecido,Desconhecido,Desconhecido,2,"R$ 86,00","R$ 2,30","R$ 0,00","R$ 83,70"
Photonic Father,Desconhecido,Desconhecido,Desconhecido,2,"R$ 84,00","R$ 0,84","R$ 0,00","R$ 83,16"
Curse of the Creeping Vine '(30 dias para envio GIFT),Desconhecido,Desconhecido,Desconhecido,1,"R$ 86,00","R$ 3,14","R$ 0,00","R$ 82,86"
Taurhorn Terror,Desconhecido,Desconhecido,Desconhecido,3,"R$ 84,00","R$ 1,16","R$ 0,00","R$ 82,84"
Ice Blossom,Desconhecido,Desconhecido,Desconhecido,17,"R$ 123,33","R$ 40,54","R$ 0,00","R$ 82,79"
Spirit of the Sacred Grove - Guardian,Desconhecido,Desconhecido,Desconhecido,2,"R$ 83,90","R$ 1,43","R$ 0,00","R$ 82,47"
Perception of the First Light '(30 dias para envio GIFT),Desconhecido,Desconhecido,Desconhecido,1,"R$ 82,00","R$ 0,00","R$ 0,00","R$ 82,00"
Radiant Conqueror Shoulder,Desconhecido,Desconhecido,Desconhecido,1,"R$ 81,90","R$ 0,00","R$ 0,00","R$ 81,90"
Stoneclaw Scavengers Dire Towers,Desconhecido,Desconhecido,Desconhecido,15,"R$ 82,75","R$ 1,01","R$ 0,00","R$ 81,74"
Allure of the Faeshade Flower (30 dias para envio GIFT),Desconhecido,Desconhecido,Desconhecido,1,"R$ 86,00","R$ 4,30","R$ 0,00","R$ 81,70"
Martyrdom of the Brineborn,Desconhecido,Desconhecido,Desconhecido,3,"R$ 88,00","R$ 6,62","R$ 0,00","R$ 81,38"
Jagged Honor Mask,Desconhecido,Desconhecido,Desconhecido,2,"R$ 81,66","R$ 0,76","R$ 0,00","R$ 80,90"
Golden Bloodfeather Feast,Desconhecido,Desconhecido,Desconhecido,10,"R$ 101,91","R$ 21,07","R$ 0,00","R$ 80,84"
Pitmouse Fraternity '(30 dias para envio GIFT),Desconhecido,Desconhecido,Desconhecido,1,"R$ 85,00","R$ 4,25","R$ 0,00","R$ 80,75"
Razzil's Midas Knuckles,Desconhecido,Desconhecido,Desconhecido,10,"R$ 141,10","R$ 60,58","R$ 0,00","R$ 80,52"
Adornments of the Jade Emissary (30 dias para envio GIFT),Desconhecido,Desconhecido,Desconhecido,1,"R$ 80,00","R$ 0,00","R$ 0,00","R$ 80,00"
Dezun Viper,Desconhecido,Desconhecido,Desconhecido,2,"R$ 90,25","R$ 10,45","R$ 0,00","R$ 79,80"
Golden Mantle of Grim Facade,Desconhecido,Desconhecido,Desconhecido,1,"R$ 80,66","R$ 1,61","R$ 0,00","R$ 79,05"
Rotzo the Clown,Desconhecido,Desconhecido,Desconhecido,1,"R$ 79,00","R$ 0,00","R$ 0,00","R$ 79,00"
Claws of the Ferocious Heart,Desconhecido,Desconhecido,Desconhecido,2,"R$ 79,56","R$ 0,69","R$ 0,00","R$ 78,87"
Pursuit of the Ember Demons (30 dias para envio GIFT),Desconhecido,Desconhecido,Desconhecido,1,"R$ 80,00","R$ 1,60","R$ 0,00","R$ 78,40"
The Spoils of Dezun,Desconhecido,Desconhecido,Desconhecido,8,"R$ 85,92","R$ 7,89","R$ 0,00","R$ 78,03"
Darkbrew's Transgression '(30 dias para envio GIFT),Desconhecido,Desconhecido,Desconhecido,2,"R$ 80,00","R$ 2,00","R$ 0,00","R$ 78,00"
Perception of the First Light(30 dias para envio GIFT),Desconhecido,Desconhecido,Desconhecido,1,"R$ 82,00","R$ 4,10","R$ 0,00","R$ 77,90"
Paean of the Ink Dragon (30 dias para envio GIFT),Desconhecido,Desconhecido,Desconhecido,1,"R$ 82,00","R$ 4,10","R$ 0,00","R$ 77,90"
Dirge Amplifier '(30 dias para envio GIFT),Desconhecido,Desconhecido,Desconhecido,2,"R$ 80,00","R$ 2,15","R$ 0,00","R$ 77,85"
Seeker of the Crescent Wheel,Desconhecido,Desconhecido,Desconhecido,3,"R$ 78,40","R$ 0,76","R$ 0,00","R$ 77,64"
Bracers of the Cavern Luminar,Desconhecido,Desconhecido,Desconhecido,7,"R$ 77,46","R$ 0,27","R$ 0,00","R$ 77,19"
Golden Cyrridae,Desconhecido,Desconhecido,Desconhecido,7,"R$ 95,44","R$ 18,44","R$ 0,00","R$ 77,00"
Genuine Scythe of Vyse,Desconhecido,Desconhecido,Desconhecido,1,"R$ 81,04","R$ 4,05","R$ 0,00","R$ 76,99"
Stoneclaw Scavengers Radiant Towers,Desconhecido,Desconhecido,Desconhecido,12,"R$ 78,11","R$ 1,21","R$ 0,00","R$ 76,90"
Shadow Masquerade,Desconhecido,Desconhecido,Desconhecido,12,"R$ 80,26","R$ 3,75","R$ 0,00","R$ 76,51"
Unbroken Fealty,Desconhecido,Desconhecido,Desconhecido,22,"R$ 87,56","R$ 11,13","R$ 0,00","R$ 76,43"
Autographed Sea Rake's Bridle,Desconhecido,Desconhecido,Desconhecido,1,"R$ 76,93","R$ 1,54","R$ 0,00","R$ 75,39"
Horns of the Betrayer,Desconhecido,Desconhecido,Desconhecido,23,"R$ 89,84","R$ 14,69","R$ 0,00","R$ 75,15"
Scorched Amber (30 dias para envio GIFT),Desconhecido,Desconhecido,Desconhecido,1,"R$ 75,00","R$ 0,00","R$ 0,00","R$ 75,00"
Soul of the Brightshroud (30 dias para envio GIFT),Desconhecido,Desconhecido,Desconhecido,1,"R$ 75,00","R$ 0,00","R$ 0,00","R$ 75,00"
Acrimonies of Obsession '(30 dias para envio GIFT),Desconhecido,Desconhecido,Desconhecido,1,"R$ 75,00","R$ 0,00","R$ 0,00","R$ 75,00"
Exalted Feast of Abscession lvl 1,Desconhecido,Desconhecido,Desconhecido,1,"R$ 74,91","R$ 0,00","R$ 0,00","R$ 74,91"
Bane of the Deathstalkers - Shoulder,Desconhecido,Desconhecido,Desconhecido,4,"R$ 101,99","R$ 27,25","R$ 0,00","R$ 74,74"
Genuine Serrakura,Desconhecido,Desconhecido,Desconhecido,3,"R$ 85,97","R$ 11,26","R$ 0,00","R$ 74,71"
Atomic Ray Thrusters,Desconhecido,Desconhecido,Desconhecido,13,"R$ 115,99","R$ 41,62","R$ 0,00","R$ 74,37"
Pitmouse Fraternity (30 dias para envio GIFT),Desconhecido,Desconhecido,Desconhecido,1,"R$ 74,00","R$ 0,00","R$ 0,00","R$ 74,00"
Cunning Counterfeit,Desconhecido,Desconhecido,Desconhecido,1,"R$ 75,00","R$ 1,16","R$ 0,00","R$ 73,84"
Genuine Mulctant Pall,Desconhecido,Desconhecido,Desconhecido,1,"R$ 74,83","R$ 1,74","R$ 0,00","R$ 73,09"
Pyrexaec Forge,Desconhecido,Desconhecido,Desconhecido,30,"R$ 85,79","R$ 12,88","R$ 0,00","R$ 72,91"
Auspicious Heaven-Piercing Pauldrons,Desconhecido,Desconhecido,Desconhecido,3,"R$ 78,57","R$ 6,62","R$ 0,00","R$ 71,95"
Transversant Soul,Desconhecido,Desconhecido,Desconhecido,12,"R$ 77,20","R$ 5,94","R$ 0,00","R$ 71,26"
Apex Automated (30 dias para envio GIFT),Desconhecido,Desconhecido,Desconhecido,1,"R$ 75,00","R$ 3,75","R$ 0,00","R$ 71,25"
Weather Sirocco,Desconhecido,Desconhecido,Desconhecido,5,"R$ 75,00","R$ 3,75","R$ 0,00","R$ 71,25"
Flashpoint Proselyte (30 dias para envio GIFT),Desconhecido,Desconhecido,Desconhecido,1,"R$ 75,00","R$ 3,75","R$ 0,00","R$ 71,25"
Forlorn Descent (30 dias para envio GIFT),Desconhecido,Desconhecido,Desconhecido,1,"R$ 75,00","R$ 3,75","R$ 0,00","R$ 71,25"
Blue Horizons(30 dias para envio GIFT),Desconhecido,Desconhecido,Desconhecido,1,"R$ 75,00","R$ 3,75","R$ 0,00","R$ 71,25"
Yulsaria's Glacier,Desconhecido,Desconhecido,Desconhecido,11,"R$ 85,65","R$ 14,79","R$ 0,00","R$ 70,86"
Rapier of the Burning God Offhand,Desconhecido,Desconhecido,Desconhecido,3,"R$ 70,83","R$ 0,00","R$ 0,00","R$ 70,83"
Golden Deepshock Destroyer,Desconhecido,Desconhecido,Desconhecido,13,"R$ 81,01","R$ 10,63","R$ 0,00","R$ 70,38"
Perils of the Red Banks '(30 dias para envio GIFT),Desconhecido,Desconhecido,Desconhecido,2,"R$ 70,00","R$ 0,00","R$ 0,00","R$ 70,00"
Mindless Slaughter (30 dias para envio GIFT),Desconhecido,Desconhecido,Desconhecido,1,"R$ 70,00","R$ 0,00","R$ 0,00","R$ 70,00"
Song of the Shadow Dragon - Head,Desconhecido,Desconhecido,Desconhecido,6,"R$ 73,68","R$ 3,96","R$ 0,00","R$ 69,72"
Feasts of Forever,Desconhecido,Desconhecido,Desconhecido,2,"R$ 76,00","R$ 6,66","R$ 0,00","R$ 69,34"
Action Figure,Modelo: Lina,Desconhecido,Desconhecido,1,"R$ 69,00","R$ 0,00","R$ 0,00","R$ 69,00"
Blinding Bastion,Desconhecido,Desconhecido,Desconhecido,2,"R$ 70,00","R$ 1,12","R$ 0,00","R$ 68,88"
Sins of the Simian Sovereign,Desconhecido,Desconhecido,Desconhecido,2,"R$ 74,00","R$ 5,17","R$ 0,00","R$ 68,83"
Distinguished Expeditionary '(30 dias para envio GIFT),Desconhecido,Desconhecido,Desconhecido,1,"R$ 68,00","R$ 0,00","R$ 0,00","R$ 68,00"
Inscribed Swine of the Sunken Galley,Desconhecido,Desconhecido,Desconhecido,1,"R$ 71,49","R$ 3,57","R$ 0,00","R$ 67,92"
Darkbrew's Transgression,Desconhecido,Desconhecido,Desconhecido,1,"R$ 67,50","R$ 0,00","R$ 0,00","R$ 67,50"
Mega-Kills: Rick and Morty,Desconhecido,Desconhecido,Desconhecido,5,"R$ 71,38","R$ 3,91","R$ 0,00","R$ 67,47"
Inscribed Inverse Bayonet,Desconhecido,Desconhecido,Desconhecido,3,"R$ 77,79","R$ 10,83","R$ 0,00","R$ 66,96"
The Basher Blades,Desconhecido,Desconhecido,Desconhecido,6,"R$ 78,67","R$ 11,76","R$ 0,00","R$ 66,91"
Secondhand Sorcery - Shoulder,Desconhecido,Desconhecido,Desconhecido,2,"R$ 68,52","R$ 1,72","R$ 0,00","R$ 66,80"
Ancient Inheritance (30 dias para envio GIFT),Desconhecido,Desconhecido,Desconhecido,1,"R$ 70,00","R$ 3,50","R$ 0,00","R$ 66,50"
Raiments of the Obsidian Forge (30 dias para envio GIFT),Desconhecido,Desconhecido,Desconhecido,1,"R$ 70,00","R$ 3,50","R$ 0,00","R$ 66,50"
The Abominable Snowbeast - Back,Desconhecido,Desconhecido,Desconhecido,3,"R$ 68,35","R$ 2,16","R$ 0,00","R$ 66,19"
Crazed Tassels of the Black Death,Desconhecido,Desconhecido,Desconhecido,5,"R$ 73,00","R$ 6,90","R$ 0,00","R$ 66,10"
The White Widow,Desconhecido,Desconhecido,Desconhecido,2,"R$ 69,00","R$ 2,93","R$ 0,00","R$ 66,07"
Crimson Dawn(30 dias para envio GIFT),Desconhecido,Desconhecido,Desconhecido,2,"R$ 66,00","R$ 0,00","R$ 0,00","R$ 66,00"
Bilge Rat Buccaneer,Desconhecido,Desconhecido,Desconhecido,2,"R$ 65,70","R$ 0,00","R$ 0,00","R$ 65,70"
Seed of Strife,Desconhecido,Desconhecido,Desconhecido,2,"R$ 65,00","R$ 0,00","R$ 0,00","R$ 65,00"
Golden Atomic Ray Thrusters,Desconhecido,Desconhecido,Desconhecido,2,"R$ 64,60","R$ 0,00","R$ 0,00","R$ 64,60"
Golden Ice Blossom,Desconhecido,Desconhecido,Desconhecido,5,"R$ 72,89","R$ 8,42","R$ 0,00","R$ 64,47"
Tempest Revelation,Desconhecido,Desconhecido,Desconhecido,23,"R$ 73,42","R$ 10,13","R$ 0,00","R$ 63,29"
Needlepoint Necromancer,Desconhecido,Desconhecido,Desconhecido,2,"R$ 63,00","R$ 0,00","R$ 0,00","R$ 63,00"
Lotus of the Mountain Bear Clan,Desconhecido,Desconhecido,Desconhecido,2,"R$ 63,00","R$ 0,00","R$ 0,00","R$ 63,00"
Inscribed Severing Crest,Desconhecido,Desconhecido,Desconhecido,4,"R$ 68,56","R$ 6,59","R$ 0,00","R$ 61,97"
Blightfall,Desconhecido,Desconhecido,Desconhecido,1,"R$ 67,50","R$ 5,80","R$ 0,00","R$ 61,70"
Inscribed Fin King's Charm,Desconhecido,Desconhecido,Desconhecido,7,"R$ 81,29","R$ 20,52","R$ 0,00","R$ 60,77"
Infused Garb of the Corridan Maestro,Desconhecido,Desconhecido,Desconhecido,4,"R$ 60,30","R$ 0,25","R$ 0,00","R$ 60,05"
Provocation of Ruin Pauldron,Desconhecido,Desconhecido,Desconhecido,1,"R$ 90,18","R$ 30,16","R$ 0,00","R$ 60,02"
Inscribed The Basher Blades,Desconhecido,Desconhecido,Desconhecido,4,"R$ 60,20","R$ 0,55","R$ 0,00","R$ 59,65"
Astral Origins - Weapon,Desconhecido,Desconhecido,Desconhecido,3,"R$ 61,60","R$ 1,98","R$ 0,00","R$ 59,62"
Inscribed Lamb to the Slaughter,Desconhecido,Desconhecido,Desconhecido,1,"R$ 60,41","R$ 0,82","R$ 0,00","R$ 59,59"
Frostmoot,Desconhecido,Desconhecido,Desconhecido,2,"R$ 60,10","R$ 0,61","R$ 0,00","R$ 59,49"
Taunt: Goin' Bananas,Desconhecido,Desconhecido,Desconhecido,5,"R$ 60,44","R$ 1,69","R$ 0,00","R$ 58,75"
Echoes of the Everblack '(30 dias para envio GIFT),Desconhecido,Desconhecido,Desconhecido,2,"R$ 70,00","R$ 11,75","R$ 0,00","R$ 58,25"
Morbific Provision '(30 dias para envio GIFT),Desconhecido,Desconhecido,Desconhecido,1,"R$ 58,00","R$ 0,00","R$ 0,00","R$ 58,00"
Litany of the Damned '(30 dias para envio GIFT),Desconhecido,Desconhecido,Desconhecido,1,"R$ 58,00","R$ 0,00","R$ 0,00","R$ 58,00"
Riddle of the Hierophant '(30 dias para envio GIFT),Desconhecido,Desconhecido,Desconhecido,1,"R$ 58,00","R$ 0,00","R$ 0,00","R$ 58,00"
Twilight Hex '(30 dias para envio GIFT),Desconhecido,Desconhecido,Desconhecido,1,"R$ 58,00","R$ 0,00","R$ 0,00","R$ 58,00"
Poacher's Bane '(30 dias para envio GIFT),Desconhecido,Desconhecido,Desconhecido,1,"R$ 58,00","R$ 0,00","R$ 0,00","R$ 58,00"
Widow of the Undermount Gloom(30 dias para envio GIFT),Desconhecido,Desconhecido,Desconhecido,1,"R$ 58,00","R$ 0,00","R$ 0,00","R$ 58,00"
Inscribed Sufferwood Sapling,Desconhecido,Desconhecido,Desconhecido,7,"R$ 62,07","R$ 4,23","R$ 0,00","R$ 57,84"
Autographed Concord Dominion,Desconhecido,Desconhecido,Desconhecido,2,"R$ 57,56","R$ 0,00","R$ 0,00","R$ 57,56"
Quadros Decorativos,Descreva sua ideia para o quadro:: Imagem enviada,Desconhecido,Desconhecido,1,"R$ 59,00","R$ 1,77","R$ 0,00","R$ 57,23"
Latticean Shards,Desconhecido,Desconhecido,Desconhecido,3,"R$ 72,05","R$ 15,00","R$ 0,00","R$ 57,05"
Spring Lineage Eternal Harvest,Desconhecido,Desconhecido,Desconhecido,1,"R$ 56,70","R$ 0,00","R$ 0,00","R$ 56,70"
Inscribed Leviathan Whale Blade,Desconhecido,Desconhecido,Desconhecido,1,"R$ 66,15","R$ 9,92","R$ 0,00","R$ 56,23"
Priest of the Proudsilver Clan '(30 dias para envio GIFT),Desconhecido,Desconhecido,Desconhecido,1,"R$ 58,00","R$ 1,85","R$ 0,00","R$ 56,15"
Wings of Daybreak,Desconhecido,Desconhecido,Desconhecido,11,"R$ 60,08","R$ 3,98","R$ 0,00","R$ 56,10"
Tribal Pathways '(30 dias para envio GIFT),Desconhecido,Desconhecido,Desconhecido,1,"R$ 56,00","R$ 0,00","R$ 0,00","R$ 56,00"
The Murid Divine '(30 dias para envio GIFT),Desconhecido,Desconhecido,Desconhecido,1,"R$ 56,00","R$ 0,00","R$ 0,00","R$ 56,00"
Wyrmwrought Flare,Desconhecido,Desconhecido,Desconhecido,16,"R$ 61,60","R$ 5,68","R$ 0,00","R$ 55,92"
Astral Terminus,Desconhecido,Desconhecido,Desconhecido,1,"R$ 55,80","R$ 0,00","R$ 0,00","R$ 55,80"
Itinerant Scholar,Desconhecido,Desconhecido,Desconhecido,2,"R$ 56,50","R$ 1,11","R$ 0,00","R$ 55,39"
Poacher's Bane (30 dias para envio GIFT),Desconhecido,Desconhecido,Desconhecido,1,"R$ 58,00","R$ 2,90","R$ 0,00","R$ 55,10"
Twilight Hex(30 dias para envio GIFT),Desconhecido,Desconhecido,Desconhecido,1,"R$ 58,00","R$ 2,90","R$ 0,00","R$ 55,10"
Morbific Provision (30 dias para envio GIFT),Desconhecido,Desconhecido,Desconhecido,1,"R$ 58,00","R$ 2,90","R$ 0,00","R$ 55,10"
Cursed Cryptbreaker '(30 dias para envio GIFT),Desconhecido,Desconhecido,Desconhecido,1,"R$ 58,00","R$ 2,90","R$ 0,00","R$ 55,10"
Golden Shadow Masquerade,Desconhecido,Desconhecido,Desconhecido,5,"R$ 106,52","R$ 51,43","R$ 0,00","R$ 55,09"
March of the Crackerjack Mage(30 dias para envio GIFT),Desconhecido,Desconhecido,Desconhecido,1,"R$ 55,00","R$ 0,00","R$ 0,00","R$ 55,00"
Auspicious Kunkka's Shadow Blade,Desconhecido,Desconhecido,Desconhecido,2,"R$ 55,66","R$ 0,71","R$ 0,00","R$ 54,95"
Magus Apex,Desconhecido,Desconhecido,Desconhecido,6,"R$ 89,08","R$ 34,56","R$ 0,00","R$ 54,52"
Auspicious Kunkka's Shadow Blade GEMADA,Desconhecido,Desconhecido,Desconhecido,1,"R$ 54,00","R$ 0,00","R$ 0,00","R$ 54,00"
The Barren Vector,Desconhecido,Desconhecido,Desconhecido,16,"R$ 61,54","R$ 7,81","R$ 0,00","R$ 53,73"
The Murid Divine (30 dias para envio GIFT),Desconhecido,Desconhecido,Desconhecido,1,"R$ 56,00","R$ 2,80","R$ 0,00","R$ 53,20"
The Wilding Tiger(30 dias para envio GIFT),Desconhecido,Desconhecido,Desconhecido,2,"R$ 53,00","R$ 0,00","R$ 0,00","R$ 53,00"
Spirit of the Frozen Flow,Desconhecido,Desconhecido,Desconhecido,2,"R$ 57,18","R$ 4,25","R$ 0,00","R$ 52,93"
School of the Solar Fang,Desconhecido,Desconhecido,Desconhecido,2,"R$ 53,20","R$ 0,60","R$ 0,00","R$ 52,60"
Solar Gyre,Desconhecido,Desconhecido,Desconhecido,5,"R$ 53,90","R$ 1,45","R$ 0,00","R$ 52,45"
Mantle of Grim Facade,Desconhecido,Desconhecido,Desconhecido,12,"R$ 58,66","R$ 6,28","R$ 0,00","R$ 52,38"
Dark Artistry Belt,Desconhecido,Desconhecido,Desconhecido,1,"R$ 55,00","R$ 2,75","R$ 0,00","R$ 52,25"
The Barren Crown,Desconhecido,Desconhecido,Desconhecido,10,"R$ 59,27","R$ 7,08","R$ 0,00","R$ 52,19"
Cauldron of Xahryx,Desconhecido,Desconhecido,Desconhecido,3,"R$ 63,18","R$ 11,03","R$ 0,00","R$ 52,15"
Genuine Pale Mausoleum,Desconhecido,Desconhecido,Desconhecido,3,"R$ 52,61","R$ 1,18","R$ 0,00","R$ 51,43"
Dragon of the Outland Ravager,Desconhecido,Desconhecido,Desconhecido,1,"R$ 51,02","R$ 0,00","R$ 0,00","R$ 51,02"
Provocation of Ruin Ward,Desconhecido,Desconhecido,Desconhecido,2,"R$ 53,50","R$ 2,68","R$ 0,00","R$ 50,82"
Champion of the Fire Lotus(30 dias para envio GIFT),Desconhecido,Desconhecido,Desconhecido,1,"R$ 53,00","R$ 2,65","R$ 0,00","R$ 50,35"
Carousal of the Mystic Masquerade '(30 dias para envio GIFT),Desconhecido,Desconhecido,Desconhecido,1,"R$ 53,00","R$ 2,65","R$ 0,00","R$ 50,35"
Autographed Pyrexaec Floe,Desconhecido,Desconhecido,Desconhecido,1,"R$ 51,35","R$ 1,03","R$ 0,00","R$ 50,32"
Shatterblast Rule,Desconhecido,Desconhecido,Desconhecido,8,"R$ 59,70","R$ 9,47","R$ 0,00","R$ 50,23"
Scarlet Subversion(30 dias para envio GIFT),Desconhecido,Desconhecido,Desconhecido,1,"R$ 50,00","R$ 0,00","R$ 0,00","R$ 50,00"
Red Dawn,Desconhecido,Desconhecido,Desconhecido,2,"R$ 50,40","R$ 0,82","R$ 0,00","R$ 49,58"
Floodmask,Desconhecido,Desconhecido,Desconhecido,7,"R$ 141,11","R$ 91,57","R$ 0,00","R$ 49,54"
Infused Gauntlet of the Infernal Rambler,Desconhecido,Desconhecido,Desconhecido,4,"R$ 49,70","R$ 0,29","R$ 0,00","R$ 49,41"
Genuine Shatterblast Crown,Desconhecido,Desconhecido,Desconhecido,1,"R$ 49,28","R$ 0,00","R$ 0,00","R$ 49,28"
Paraflare Cannon,Desconhecido,Desconhecido,Desconhecido,6,"R$ 86,00","R$ 36,82","R$ 0,00","R$ 49,18"
Tribal Pathways (30 dias para envio GIFT),Desconhecido,Desconhecido,Desconhecido,1,"R$ 49,00","R$ 0,00","R$ 0,00","R$ 49,00"
Lantern of the Infernal Maw,Desconhecido,Desconhecido,Desconhecido,2,"R$ 48,13","R$ 0,00","R$ 0,00","R$ 48,13"
Spellbreaker's Braid,Desconhecido,Desconhecido,Desconhecido,1,"R$ 49,50","R$ 1,40","R$ 0,00","R$ 48,10"
Bonkers the Mad,Desconhecido,Desconhecido,Desconhecido,5,"R$ 53,01","R$ 4,91","R$ 0,00","R$ 48,10"
Pulsar Remnant,Desconhecido,Desconhecido,Desconhecido,6,"R$ 92,61","R$ 44,70","R$ 0,00","R$ 47,91"
Provocation of Ruin Mask,Desconhecido,Desconhecido,Desconhecido,2,"R$ 100,00","R$ 52,50","R$ 0,00","R$ 47,50"
Darkblade Adep,Desconhecido,Desconhecido,Desconhecido,2,"R$ 50,00","R$ 3,00","R$ 0,00","R$ 47,00"
Tunic of the Wandering Flame,Desconhecido,Desconhecido,Desconhecido,2,"R$ 48,00","R$ 1,20","R$ 0,00","R$ 46,80"
Golden Fortune's Tout,Desconhecido,Desconhecido,Desconhecido,7,"R$ 58,79","R$ 12,25","R$ 0,00","R$ 46,54"
Triumph of the Imperatrix '(30 dias para envio GIFT),Desconhecido,Desconhecido,Desconhecido,1,"R$ 46,00","R$ 0,00","R$ 0,00","R$ 46,00"
Blightfall(30 dias para envio GIFT),Desconhecido,Desconhecido,Desconhecido,1,"R$ 46,00","R$ 0,00","R$ 0,00","R$ 46,00"
Sacraments of the Witch Supreme (30 dias para envio GIFT),Desconhecido,Desconhecido,Desconhecido,1,"R$ 46,00","R$ 0,00","R$ 0,00","R$ 46,00"
Automaton Antiquity '(30 dias para envio GIFT),Desconhecido,Desconhecido,Desconhecido,1,"R$ 46,00","R$ 0,00","R$ 0,00","R$ 46,00"
Raptures of the Abyssal Kin '(30 dias para envio GIFT),Desconhecido,Desconhecido,Desconhecido,1,"R$ 46,00","R$ 0,00","R$ 0,00","R$ 46,00"
Pack of the Ardalan Interdictor,Desconhecido,Desconhecido,Desconhecido,1,"R$ 46,80","R$ 1,40","R$ 0,00","R$ 45,40"
Inscribed Crystal Dryad,Desconhecido,Desconhecido,Desconhecido,3,"R$ 45,23","R$ 0,00","R$ 0,00","R$ 45,23"
Ravencloak - Back,Desconhecido,Desconhecido,Desconhecido,4,"R$ 48,28","R$ 3,30","R$ 0,00","R$ 44,98"
Blastforge Exhaler,Desconhecido,Desconhecido,Desconhecido,17,"R$ 59,23","R$ 14,36","R$ 0,00","R$ 44,87"
Taunt: Totem Roller,Desconhecido,Desconhecido,Desconhecido,10,"R$ 45,44","R$ 0,70","R$ 0,00","R$ 44,74"
Mane of the Sunwarrior,Desconhecido,Desconhecido,Desconhecido,5,"R$ 45,85","R$ 1,25","R$ 0,00","R$ 44,60"
Turstarkuri Pilgrim Armor,Desconhecido,Desconhecido,Desconhecido,3,"R$ 44,55","R$ 0,00","R$ 0,00","R$ 44,55"
Autographed The Abscesserator,Desconhecido,Desconhecido,Desconhecido,2,"R$ 54,20","R$ 10,00","R$ 0,00","R$ 44,20"
Skittering Desolation,Desconhecido,Desconhecido,Desconhecido,2,"R$ 86,40","R$ 42,26","R$ 0,00","R$ 44,14"
Dawn of a Darkness Foretold(30 dias para envio GIFT),Desconhecido,Desconhecido,Desconhecido,1,"R$ 44,00","R$ 0,00","R$ 0,00","R$ 44,00"
Cloak of the Dark Reservoir,Desconhecido,Desconhecido,Desconhecido,2,"R$ 45,00","R$ 1,13","R$ 0,00","R$ 43,87"
Baneful Devotion,Desconhecido,Desconhecido,Desconhecido,8,"R$ 45,60","R$ 2,01","R$ 0,00","R$ 43,59"
Taunt: Deadly Grace,Desconhecido,Desconhecido,Desconhecido,7,"R$ 51,74","R$ 8,31","R$ 0,00","R$ 43,43"
Golden Draca Maw,Desconhecido,Desconhecido,Desconhecido,7,"R$ 51,38","R$ 8,41","R$ 0,00","R$ 42,97"
Ravencloak - Shoulders,Desconhecido,Desconhecido,Desconhecido,4,"R$ 46,05","R$ 3,30","R$ 0,00","R$ 42,75"
Phantom Concord,Desconhecido,Desconhecido,Desconhecido,10,"R$ 43,57","R$ 1,51","R$ 0,00","R$ 42,06"
Prized Acquisitions,Desconhecido,Desconhecido,Desconhecido,1,"R$ 96,90","R$ 54,90","R$ 0,00","R$ 42,00"
Autographed Bracers of Aeons,Desconhecido,Desconhecido,Desconhecido,2,"R$ 42,68","R$ 0,74","R$ 0,00","R$ 41,94"
Inscribed Flourishing Lodestar,Desconhecido,Desconhecido,Desconhecido,2,"R$ 42,86","R$ 0,99","R$ 0,00","R$ 41,87"
Inscribed Mantle of the Cinder Baron,Desconhecido,Desconhecido,Desconhecido,3,"R$ 42,10","R$ 0,31","R$ 0,00","R$ 41,79"
Solar Forge,Desconhecido,Desconhecido,Desconhecido,5,"R$ 55,99","R$ 14,83","R$ 0,00","R$ 41,16"
Genuine The Barb of Skadi,Desconhecido,Desconhecido,Desconhecido,6,"R$ 49,74","R$ 8,65","R$ 0,00","R$ 41,09"
Glare of the Tyrant,Desconhecido,Desconhecido,Desconhecido,14,"R$ 53,90","R$ 12,82","R$ 0,00","R$ 41,08"
Feast of Abscession - Back,Desconhecido,Desconhecido,Desconhecido,15,"R$ 41,95","R$ 0,87","R$ 0,00","R$ 41,08"
Sacred Chamber Guardian(30 dias para envio GIFT),Desconhecido,Desconhecido,Desconhecido,1,"R$ 41,00","R$ 0,00","R$ 0,00","R$ 41,00"
Inscribed Etienne's Revenge,Desconhecido,Desconhecido,Desconhecido,1,"R$ 40,08","R$ 0,00","R$ 0,00","R$ 40,08"
Defender of the Brumal Crest(30 dias para envio GIFT),Desconhecido,Desconhecido,Desconhecido,1,"R$ 40,00","R$ 0,00","R$ 0,00","R$ 40,00"
Bloodfeather Feast,Desconhecido,Desconhecido,Desconhecido,16,"R$ 44,17","R$ 4,40","R$ 0,00","R$ 39,77"
Nothlic Burden,Desconhecido,Desconhecido,Desconhecido,3,"R$ 64,11","R$ 24,44","R$ 0,00","R$ 39,67"
Inscribed Iron Surge,Desconhecido,Desconhecido,Desconhecido,7,"R$ 45,65","R$ 6,13","R$ 0,00","R$ 39,52"
Autographed Crux of Perplex,Desconhecido,Desconhecido,Desconhecido,2,"R$ 40,17","R$ 0,74","R$ 0,00","R$ 39,43"
Inscribed The Abscesserator,Desconhecido,Desconhecido,Desconhecido,2,"R$ 39,24","R$ 0,00","R$ 0,00","R$ 39,24"
Fires of the Volcanic Guard (30 dias para envio GIFT),Desconhecido,Desconhecido,Desconhecido,1,"R$ 39,00","R$ 0,00","R$ 0,00","R$ 39,00"
Raptures of the Abyssal Kin (30 dias para envio GIFT),Desconhecido,Desconhecido,Desconhecido,1,"R$ 39,00","R$ 0,00","R$ 0,00","R$ 39,00"
The King Of Thieves '(30 dias para envio GIFT),Desconhecido,Desconhecido,Desconhecido,1,"R$ 40,00","R$ 1,46","R$ 0,00","R$ 38,54"
Astral Origins - Shoulder,Desconhecido,Desconhecido,Desconhecido,4,"R$ 43,55","R$ 5,43","R$ 0,00","R$ 38,12"
Temple Guardian,Desconhecido,Desconhecido,Desconhecido,1,"R$ 40,00","R$ 1,95","R$ 0,00","R$ 38,05"
Obsidian Atrocity (30 dias para envio GIFT),Desconhecido,Desconhecido,Desconhecido,1,"R$ 40,00","R$ 2,00","R$ 0,00","R$ 38,00"
Prodigy of Prefectura,Desconhecido,Desconhecido,Desconhecido,1,"R$ 37,57","R$ 0,00","R$ 0,00","R$ 37,57"
Aberrant Observer - Back,Desconhecido,Desconhecido,Desconhecido,2,"R$ 39,18","R$ 1,76","R$ 0,00","R$ 37,42"
Inscribed Atomic Ray Thrusters,Desconhecido,Desconhecido,Desconhecido,5,"R$ 37,91","R$ 0,52","R$ 0,00","R$ 37,39"
Merry Wanderer's Brush,Desconhecido,Desconhecido,Desconhecido,8,"R$ 47,16","R$ 9,96","R$ 0,00","R$ 37,20"
Heaven-Piercing Pauldrons,Desconhecido,Desconhecido,Desconhecido,2,"R$ 38,00","R$ 0,95","R$ 0,00","R$ 37,05"
Astral Schism,Desconhecido,Desconhecido,Desconhecido,1,"R$ 37,00","R$ 0,00","R$ 0,00","R$ 37,00"
Blade of the Fractured Order (infused),Desconhecido,Desconhecido,Desconhecido,1,"R$ 36,90","R$ 0,00","R$ 0,00","R$ 36,90"
Edge of the Lost Order,Desconhecido,Desconhecido,Desconhecido,14,"R$ 45,87","R$ 9,01","R$ 0,00","R$ 36,86"
Inscribed Bitter Lineage,Desconhecido,Desconhecido,Desconhecido,2,"R$ 36,28","R$ 0,00","R$ 0,00","R$ 36,28"
King Kringle Helm,Desconhecido,Desconhecido,Desconhecido,2,"R$ 36,24","R$ 0,17","R$ 0,00","R$ 36,07"
Winterblight,Desconhecido,Desconhecido,Desconhecido,6,"R$ 49,55","R$ 13,53","R$ 0,00","R$ 36,02"
Umbral Expanse,Desconhecido,Desconhecido,Desconhecido,1,"R$ 36,00","R$ 0,00","R$ 0,00","R$ 36,00"
Golden Seclusions of the Void (30 dias para envio GIFT),Desconhecido,Desconhecido,Desconhecido,1,"R$ 36,00","R$ 0,00","R$ 0,00","R$ 36,00"
Golden Seekling,Desconhecido,Desconhecido,Desconhecido,1,"R$ 36,00","R$ 0,00","R$ 0,00","R$ 36,00"
Graviton Blackguard,Desconhecido,Desconhecido,Desconhecido,1,"R$ 36,00","R$ 0,00","R$ 0,00","R$ 36,00"
Autographed Piston Impaler,Desconhecido,Desconhecido,Desconhecido,2,"R$ 36,00","R$ 0,00","R$ 0,00","R$ 36,00"
Cosmic Cartographer,Desconhecido,Desconhecido,Desconhecido,1,"R$ 36,00","R$ 0,00","R$ 0,00","R$ 36,00"
Hellsworn Construct,Desconhecido,Desconhecido,Desconhecido,3,"R$ 62,56","R$ 26,58","R$ 0,00","R$ 35,98"
Taunt: Call It What You Will,Desconhecido,Desconhecido,Desconhecido,6,"R$ 36,22","R$ 0,49","R$ 0,00","R$ 35,73"
Astral Origins - Neck,Desconhecido,Desconhecido,Desconhecido,4,"R$ 39,34","R$ 3,62","R$ 0,00","R$ 35,72"
Basher of Mage Skulls,Desconhecido,Desconhecido,Desconhecido,7,"R$ 40,62","R$ 5,03","R$ 0,00","R$ 35,59"
Armor of the Foulfell Corruptor,Desconhecido,Desconhecido,Desconhecido,1,"R$ 44,29","R$ 8,86","R$ 0,00","R$ 35,43"
Inscribed Sylvan Cascade,Desconhecido,Desconhecido,Desconhecido,4,"R$ 40,35","R$ 5,05","R$ 0,00","R$ 35,30"
The Strings of Suradan Bundle,Desconhecido,Desconhecido,Desconhecido,2,"R$ 38,00","R$ 2,81","R$ 0,00","R$ 35,19"
Jagged Honor Banner,Desconhecido,Desconhecido,Desconhecido,1,"R$ 35,83","R$ 0,65","R$ 0,00","R$ 35,18"
Autographed Staff of Perplex,Desconhecido,Desconhecido,Desconhecido,1,"R$ 35,16","R$ 0,00","R$ 0,00","R$ 35,16"
Ire of Molten Rebirth '(30 dias para envio GIFT),Desconhecido,Desconhecido,Desconhecido,1,"R$ 35,00","R$ 0,00","R$ 0,00","R$ 35,00"
Sodbustin' Saboteurs,Desconhecido,Desconhecido,Desconhecido,1,"R$ 35,00","R$ 0,00","R$ 0,00","R$ 35,00"
Fury of the Righteous Storm (30 dias para envio GIFT),Desconhecido,Desconhecido,Desconhecido,1,"R$ 35,00","R$ 0,00","R$ 0,00","R$ 35,00"
Fluttering Mortis,Desconhecido,Desconhecido,Desconhecido,8,"R$ 48,35","R$ 13,50","R$ 0,00","R$ 34,85"
Scythes of Sorrow,Desconhecido,Desconhecido,Desconhecido,26,"R$ 38,38","R$ 3,89","R$ 0,00","R$ 34,49"
Tormented Staff,Desconhecido,Desconhecido,Desconhecido,9,"R$ 49,11","R$ 14,73","R$ 0,00","R$ 34,38"
Moonfall,Desconhecido,Desconhecido,Desconhecido,9,"R$ 75,39","R$ 41,04","R$ 0,00","R$ 34,35"
Genuine Pin: The International 2015 Attendee,Desconhecido,Desconhecido,Desconhecido,1,"R$ 41,67","R$ 7,32","R$ 0,00","R$ 34,35"
Crimson Cyrridae,Desconhecido,Desconhecido,Desconhecido,12,"R$ 41,46","R$ 7,24","R$ 0,00","R$ 34,22"
Inscribed Merry Wanderer's Brush,Desconhecido,Desconhecido,Desconhecido,6,"R$ 40,36","R$ 6,39","R$ 0,00","R$ 33,97"
Resistive Pinfold,Desconhecido,Desconhecido,Desconhecido,9,"R$ 48,51","R$ 14,61","R$ 0,00","R$ 33,90"
Taunt: Fiendish Swag!,Desconhecido,Desconhecido,Desconhecido,4,"R$ 37,76","R$ 4,05","R$ 0,00","R$ 33,71"
First of the Flood,Desconhecido,Desconhecido,Desconhecido,17,"R$ 38,20","R$ 4,60","R$ 0,00","R$ 33,60"
Infused Mantle of the Blackguard Magus,Desconhecido,Desconhecido,Desconhecido,4,"R$ 33,32","R$ 0,00","R$ 0,00","R$ 33,32"
The Abominable Snowbeast - Legs,Desconhecido,Desconhecido,Desconhecido,4,"R$ 34,03","R$ 0,84","R$ 0,00","R$ 33,19"
Genuine The Golden Barb of Skadi,Desconhecido,Desconhecido,Desconhecido,1,"R$ 33,00","R$ 0,00","R$ 0,00","R$ 33,00"
Inscribed Empyrean,Desconhecido,Desconhecido,Desconhecido,1,"R$ 33,74","R$ 0,78","R$ 0,00","R$ 32,96"
Golden Crucible of Rile,Desconhecido,Desconhecido,Desconhecido,12,"R$ 43,01","R$ 10,44","R$ 0,00","R$ 32,57"
Paragon's Pride Bundle,Desconhecido,Desconhecido,Desconhecido,6,"R$ 37,84","R$ 5,38","R$ 0,00","R$ 32,46"
Jagged Honor Legs,Desconhecido,Desconhecido,Desconhecido,1,"R$ 32,74","R$ 0,59","R$ 0,00","R$ 32,15"
Turstarkuri Pilgrim Head,Desconhecido,Desconhecido,Desconhecido,2,"R$ 32,11","R$ 0,00","R$ 0,00","R$ 32,11"
Iron Surge,Desconhecido,Desconhecido,Desconhecido,9,"R$ 98,79","R$ 66,83","R$ 0,00","R$ 31,96"
Crown of Tears,Desconhecido,Desconhecido,Desconhecido,8,"R$ 35,73","R$ 3,97","R$ 0,00","R$ 31,76"
Taunt: You Prefer Arrows?,Desconhecido,Desconhecido,Desconhecido,1,"R$ 41,18","R$ 9,52","R$ 0,00","R$ 31,66"
Taunt: Pole Position,Desconhecido,Desconhecido,Desconhecido,3,"R$ 32,06","R$ 0,57","R$ 0,00","R$ 31,49"
Inscribed Moonfall,Desconhecido,Desconhecido,Desconhecido,6,"R$ 34,52","R$ 3,10","R$ 0,00","R$ 31,42"
Acrimonies of Obsession(30 dias para envio GIFT),Desconhecido,Desconhecido,Desconhecido,1,"R$ 31,00","R$ 0,00","R$ 0,00","R$ 31,00"
Darktrench Stalker - Misc,Desconhecido,Desconhecido,Desconhecido,1,"R$ 31,00","R$ 0,00","R$ 0,00","R$ 31,00"
Colar of the Ardalan Interdictor,Desconhecido,Desconhecido,Desconhecido,1,"R$ 31,45","R$ 0,94","R$ 0,00","R$ 30,51"
The Abominable Snowbeast - Arms,Desconhecido,Desconhecido,Desconhecido,3,"R$ 31,21","R$ 0,90","R$ 0,00","R$ 30,31"
Angel of the Abyss,Desconhecido,Desconhecido,Desconhecido,1,"R$ 30,00","R$ 0,00","R$ 0,00","R$ 30,00"
Staff of the Impossible Realm,Desconhecido,Desconhecido,Desconhecido,1,"R$ 30,00","R$ 0,00","R$ 0,00","R$ 30,00"
Grand Suppressor(30 dias para envio GIFT),Desconhecido,Desconhecido,Desconhecido,1,"R$ 30,00","R$ 0,00","R$ 0,00","R$ 30,00"
Laurels of the Dawnstar,Desconhecido,Desconhecido,Desconhecido,1,"R$ 30,00","R$ 0,00","R$ 0,00","R$ 30,00"
Genuine Hwytty & Shyzzyrd,Desconhecido,Desconhecido,Desconhecido,1,"R$ 30,53","R$ 0,61","R$ 0,00","R$ 29,92"
Autographed Golden Edge of the Lost Order,Desconhecido,Desconhecido,Desconhecido,5,"R$ 32,50","R$ 2,78","R$ 0,00","R$ 29,72"
Genuine Winterblight,Desconhecido,Desconhecido,Desconhecido,4,"R$ 33,30","R$ 3,62","R$ 0,00","R$ 29,68"
Auspicious Nyx Assassin's Dagon,Desconhecido,Desconhecido,Desconhecido,1,"R$ 29,51","R$ 0,00","R$ 0,00","R$ 29,51"
Maw of Eztzhok,Desconhecido,Desconhecido,Desconhecido,13,"R$ 31,82","R$ 2,37","R$ 0,00","R$ 29,45"
Narwolf Nebula,Desconhecido,Desconhecido,Desconhecido,1,"R$ 29,00","R$ 0,00","R$ 0,00","R$ 29,00"
Ire of Molten Rebirth (30 dias para envio GIFT),Desconhecido,Desconhecido,Desconhecido,1,"R$ 29,00","R$ 0,00","R$ 0,00","R$ 29,00"
Perils of the Red Banks(30 dias para envio GIFT),Desconhecido,Desconhecido,Desconhecido,1,"R$ 29,00","R$ 0,00","R$ 0,00","R$ 29,00"
Autographed Focal Resonance,Desconhecido,Desconhecido,Desconhecido,1,"R$ 28,93","R$ 0,00","R$ 0,00","R$ 28,93"
Shadow in the Deep Back,Desconhecido,Desconhecido,Desconhecido,1,"R$ 43,81","R$ 15,00","R$ 0,00","R$ 28,81"
Crimson Pique,Desconhecido,Desconhecido,Desconhecido,13,"R$ 36,92","R$ 8,20","R$ 0,00","R$ 28,72"
Genuine Elixir of Dragon's Breath,Desconhecido,Desconhecido,Desconhecido,4,"R$ 32,46","R$ 3,82","R$ 0,00","R$ 28,64"
Autographed World Chasm Artifact,Desconhecido,Desconhecido,Desconhecido,1,"R$ 33,62","R$ 5,04","R$ 0,00","R$ 28,58"
Inscribed Jewel of Aeons,Desconhecido,Desconhecido,Desconhecido,6,"R$ 31,44","R$ 2,87","R$ 0,00","R$ 28,57"
Shearing Deposition,Desconhecido,Desconhecido,Desconhecido,6,"R$ 40,22","R$ 11,86","R$ 0,00","R$ 28,36"
Owly Bear,Desconhecido,Desconhecido,Desconhecido,1,"R$ 28,33","R$ 0,00","R$ 0,00","R$ 28,33"
Darkwood Eulogy '(30 dias para envio GIFT),Desconhecido,Desconhecido,Desconhecido,1,"R$ 28,00","R$ 0,00","R$ 0,00","R$ 28,00"
Genuine Primal Paean,Desconhecido,Desconhecido,Desconhecido,1,"R$ 27,95","R$ 0,00","R$ 0,00","R$ 27,95"
Pyrexaec Flux,Desconhecido,Desconhecido,Desconhecido,10,"R$ 29,68","R$ 1,74","R$ 0,00","R$ 27,94"
Full-Bore Bonanza,Desconhecido,Desconhecido,Desconhecido,12,"R$ 29,63","R$ 1,71","R$ 0,00","R$ 27,92"
Inscribed The Barren Crown,Desconhecido,Desconhecido,Desconhecido,8,"R$ 35,12","R$ 7,35","R$ 0,00","R$ 27,77"
The Rat King (30 dias para envio GIFT),Desconhecido,Desconhecido,Desconhecido,1,"R$ 39,60","R$ 11,88","R$ 0,00","R$ 27,72"
Taunt: Dancing Queen,Desconhecido,Desconhecido,Desconhecido,1,"R$ 28,28","R$ 0,79","R$ 0,00","R$ 27,49"
Severing Lash,Desconhecido,Desconhecido,Desconhecido,8,"R$ 41,95","R$ 14,50","R$ 0,00","R$ 27,45"
Claws of the Crystal Drift,Desconhecido,Desconhecido,Desconhecido,2,"R$ 27,24","R$ 0,00","R$ 0,00","R$ 27,24"
Inscribed Vigil Signet,Desconhecido,Desconhecido,Desconhecido,3,"R$ 27,99","R$ 0,79","R$ 0,00","R$ 27,20"
The Resurrection of Shen - Weapon,Desconhecido,Desconhecido,Desconhecido,8,"R$ 30,03","R$ 3,03","R$ 0,00","R$ 27,00"
Echoes of the Everblack (30 dias para envio GIFT),Desconhecido,Desconhecido,Desconhecido,1,"R$ 27,00","R$ 0,00","R$ 0,00","R$ 27,00"
Inscribed Mandate of the Stormborn,Desconhecido,Desconhecido,Desconhecido,2,"R$ 28,14","R$ 1,78","R$ 0,00","R$ 26,36"
Immortal Pantheon,Desconhecido,Desconhecido,Desconhecido,20,"R$ 28,56","R$ 2,30","R$ 0,00","R$ 26,26"
Bloodstained Britches,Desconhecido,Desconhecido,Desconhecido,4,"R$ 33,94","R$ 7,75","R$ 0,00","R$ 26,19"
Graxx's Strap,Desconhecido,Desconhecido,Desconhecido,13,"R$ 32,64","R$ 6,50","R$ 0,00","R$ 26,14"
Genuine Fluttering Staff,Desconhecido,Desconhecido,Desconhecido,5,"R$ 33,66","R$ 7,61","R$ 0,00","R$ 26,05"
Taunt: Make It Rain,Desconhecido,Desconhecido,Desconhecido,6,"R$ 28,50","R$ 2,55","R$ 0,00","R$ 25,95"
Autographed Mantle of the Whispered Bond,Desconhecido,Desconhecido,Desconhecido,3,"R$ 37,66","R$ 11,73","R$ 0,00","R$ 25,93"
Aberrant Observer - Head,Desconhecido,Desconhecido,Desconhecido,2,"R$ 25,44","R$ 0,00","R$ 0,00","R$ 25,44"
Thirst of Eztzhok %2D Off%2DHand,Desconhecido,Desconhecido,Desconhecido,1,"R$ 25,39","R$ 0,00","R$ 0,00","R$ 25,39"
Autographed Sylvan Cascade,Desconhecido,Desconhecido,Desconhecido,2,"R$ 26,23","R$ 1,01","R$ 0,00","R$ 25,22"
Rot-Iron Ripper,Desconhecido,Desconhecido,Desconhecido,1,"R$ 25,20","R$ 0,00","R$ 0,00","R$ 25,20"
Wasteland Rattler,Desconhecido,Desconhecido,Desconhecido,1,"R$ 25,20","R$ 0,00","R$ 0,00","R$ 25,20"
TheFatRat Warrior Songs Music Pack,Desconhecido,Desconhecido,Desconhecido,2,"R$ 25,44","R$ 0,27","R$ 0,00","R$ 25,17"
Inscribed Mount of the Winged Sentinel,Desconhecido,Desconhecido,Desconhecido,2,"R$ 25,50","R$ 0,38","R$ 0,00","R$ 25,12"
Autographed Severing Crest,Desconhecido,Desconhecido,Desconhecido,1,"R$ 25,54","R$ 0,51","R$ 0,00","R$ 25,03"
Secondhand Sorcery - Weapon,Desconhecido,Desconhecido,Desconhecido,1,"R$ 25,01","R$ 0,00","R$ 0,00","R$ 25,01"
Faithful Fortune,Desconhecido,Desconhecido,Desconhecido,1,"R$ 25,00","R$ 0,00","R$ 0,00","R$ 25,00"
Taunt: Sharp Blade,Desconhecido,Desconhecido,Desconhecido,3,"R$ 24,93","R$ 0,23","R$ 0,00","R$ 24,70"
Pale Augur,Desconhecido,Desconhecido,Desconhecido,6,"R$ 26,67","R$ 1,98","R$ 0,00","R$ 24,69"
Inscribed Thirst of Eztzhok Blade,Desconhecido,Desconhecido,Desconhecido,1,"R$ 24,56","R$ 0,00","R$ 0,00","R$ 24,56"
Iceflight Edifice,Desconhecido,Desconhecido,Desconhecido,8,"R$ 26,94","R$ 2,78","R$ 0,00","R$ 24,16"
Mask of the Confidant,Desconhecido,Desconhecido,Desconhecido,8,"R$ 43,42","R$ 19,28","R$ 0,00","R$ 24,14"
Taunt: Skip to the Good Stuff!,Desconhecido,Desconhecido,Desconhecido,4,"R$ 28,97","R$ 5,02","R$ 0,00","R$ 23,95"
Inscribed Glaive of Oscilla,Desconhecido,Desconhecido,Desconhecido,1,"R$ 23,73","R$ 0,00","R$ 0,00","R$ 23,73"
Ravencloak - Head,Desconhecido,Desconhecido,Desconhecido,5,"R$ 24,82","R$ 1,24","R$ 0,00","R$ 23,58"
Hidden Vector - Hat,Desconhecido,Desconhecido,Desconhecido,2,"R$ 23,57","R$ 0,00","R$ 0,00","R$ 23,57"
Maraxiform's Fate,Desconhecido,Desconhecido,Desconhecido,15,"R$ 24,21","R$ 0,65","R$ 0,00","R$ 23,56"
Autographed Inverse Bayonet,Desconhecido,Desconhecido,Desconhecido,1,"R$ 24,04","R$ 0,48","R$ 0,00","R$ 23,56"
Inscribed Fluttering Mortis,Desconhecido,Desconhecido,Desconhecido,6,"R$ 29,59","R$ 6,09","R$ 0,00","R$ 23,50"
Armor of the Fearful Aria,Desconhecido,Desconhecido,Desconhecido,2,"R$ 25,64","R$ 2,15","R$ 0,00","R$ 23,49"
Inscribed Primal Paean,Desconhecido,Desconhecido,Desconhecido,1,"R$ 23,49","R$ 0,00","R$ 0,00","R$ 23,49"
Battleaxe of the Basilisk,Desconhecido,Desconhecido,Desconhecido,1,"R$ 23,40","R$ 0,00","R$ 0,00","R$ 23,40"
Molokau Stalker (30 dias para envio GIFT),Desconhecido,Desconhecido,Desconhecido,1,"R$ 24,00","R$ 1,20","R$ 0,00","R$ 22,80"
Offhand Basher of Mage Skulls,Desconhecido,Desconhecido,Desconhecido,5,"R$ 23,36","R$ 0,59","R$ 0,00","R$ 22,77"
Autographed Primal Paean,Desconhecido,Desconhecido,Desconhecido,1,"R$ 22,92","R$ 0,46","R$ 0,00","R$ 22,46"
Progenitor's Bane,Desconhecido,Desconhecido,Desconhecido,13,"R$ 24,56","R$ 2,15","R$ 0,00","R$ 22,41"
Flourishing Lodestar,Desconhecido,Desconhecido,Desconhecido,1,"R$ 22,60","R$ 0,23","R$ 0,00","R$ 22,37"
Adoring Wingfall,Desconhecido,Desconhecido,Desconhecido,11,"R$ 23,61","R$ 1,37","R$ 0,00","R$ 22,24"
Malefic Drake's Hood,Desconhecido,Desconhecido,Desconhecido,5,"R$ 26,05","R$ 3,83","R$ 0,00","R$ 22,22"
Prized Acquisitions '(30 dias para envio GIFT),Desconhecido,Desconhecido,Desconhecido,1,"R$ 22,00","R$ 0,00","R$ 0,00","R$ 22,00"
The Devotions of Dragonus - Weapon,Desconhecido,Desconhecido,Desconhecido,4,"R$ 24,41","R$ 2,43","R$ 0,00","R$ 21,98"
Genuine Pin: The International 2014 Attendee,Desconhecido,Desconhecido,Desconhecido,1,"R$ 26,47","R$ 4,65","R$ 0,00","R$ 21,82"
Auspicious Wyvernguard Edge,Desconhecido,Desconhecido,Desconhecido,2,"R$ 21,81","R$ 0,00","R$ 0,00","R$ 21,81"
Infused Armor of the Fearful Aria,Desconhecido,Desconhecido,Desconhecido,2,"R$ 22,30","R$ 0,60","R$ 0,00","R$ 21,70"
Inscribed Mecha Boots of Travel Mk III,Desconhecido,Desconhecido,Desconhecido,5,"R$ 27,31","R$ 5,64","R$ 0,00","R$ 21,67"
Span of Sorrow,Desconhecido,Desconhecido,Desconhecido,18,"R$ 24,66","R$ 3,02","R$ 0,00","R$ 21,64"
Judgement of the Fallen,Desconhecido,Desconhecido,Desconhecido,22,"R$ 25,02","R$ 3,39","R$ 0,00","R$ 21,63"
Helm of the Dark Moon Stalker,Desconhecido,Desconhecido,Desconhecido,1,"R$ 21,60","R$ 0,00","R$ 0,00","R$ 21,60"
Taunt: Shaman Dance,Desconhecido,Desconhecido,Desconhecido,10,"R$ 24,31","R$ 2,94","R$ 0,00","R$ 21,37"
Taunt: You Earned It,Desconhecido,Desconhecido,Desconhecido,19,"R$ 22,54","R$ 1,36","R$ 0,00","R$ 21,18"
Song of the Shadow Dragon,Desconhecido,Desconhecido,Desconhecido,1,"R$ 21,13","R$ 0,00","R$ 0,00","R$ 21,13"
Censer of Gliss,Desconhecido,Desconhecido,Desconhecido,11,"R$ 28,62","R$ 7,55","R$ 0,00","R$ 21,07"
Ravencloak - Quiver,Desconhecido,Desconhecido,Desconhecido,4,"R$ 32,94","R$ 12,00","R$ 0,00","R$ 20,94"
Eyes of Ardenok,Desconhecido,Desconhecido,Desconhecido,16,"R$ 21,91","R$ 0,99","R$ 0,00","R$ 20,92"
Inscribed Bracers of the Cavern Luminar,Desconhecido,Desconhecido,Desconhecido,2,"R$ 21,14","R$ 0,42","R$ 0,00","R$ 20,72"
Contessa's Creed,Desconhecido,Desconhecido,Desconhecido,2,"R$ 20,84","R$ 0,21","R$ 0,00","R$ 20,63"
Bracers of the Ardalan Interdictor,Desconhecido,Desconhecido,Desconhecido,1,"R$ 21,00","R$ 0,63","R$ 0,00","R$ 20,37"
Inscribed Yulsaria's Glacier,Desconhecido,Desconhecido,Desconhecido,3,"R$ 23,77","R$ 3,46","R$ 0,00","R$ 20,31"
Daughters of Hydrophiinae,Desconhecido,Desconhecido,Desconhecido,4,"R$ 20,38","R$ 0,10","R$ 0,00","R$ 20,28"
Desert Burn Morty,Desconhecido,Desconhecido,Desconhecido,1,"R$ 20,26","R$ 0,00","R$ 0,00","R$ 20,26"
The Resurrection of Shen - Head,Desconhecido,Desconhecido,Desconhecido,7,"R$ 22,95","R$ 2,85","R$ 0,00","R$ 20,10"
Serrakura,Desconhecido,Desconhecido,Desconhecido,2,"R$ 37,80","R$ 17,76","R$ 0,00","R$ 20,04"
Blastmitt Berserker Bundle (30 dias para envio GIFT),Desconhecido,Desconhecido,Desconhecido,2,"R$ 20,00","R$ 0,00","R$ 0,00","R$ 20,00"
Genuine Empyrean,Desconhecido,Desconhecido,Desconhecido,1,"R$ 19,95","R$ 0,00","R$ 0,00","R$ 19,95"
Dark Artistry Pauldrons,Desconhecido,Desconhecido,Desconhecido,1,"R$ 21,00","R$ 1,05","R$ 0,00","R$ 19,95"
Taunt: Timeless Classic,Desconhecido,Desconhecido,Desconhecido,4,"R$ 19,99","R$ 0,15","R$ 0,00","R$ 19,84"
Whispering Wings,Desconhecido,Desconhecido,Desconhecido,4,"R$ 23,89","R$ 4,09","R$ 0,00","R$ 19,80"
Golden Sullen Sanctum (30 dias para envio GIFT),Desconhecido,Desconhecido,Desconhecido,2,"R$ 20,00","R$ 0,30","R$ 0,00","R$ 19,70"
Autographed Pale Mausoleum,Desconhecido,Desconhecido,Desconhecido,1,"R$ 20,10","R$ 0,40","R$ 0,00","R$ 19,70"
Aberrant Observer - Hook,Desconhecido,Desconhecido,Desconhecido,2,"R$ 25,90","R$ 6,23","R$ 0,00","R$ 19,67"
Infused Edge of the Flowering Shade,Desconhecido,Desconhecido,Desconhecido,3,"R$ 19,92","R$ 0,31","R$ 0,00","R$ 19,61"
Mane of the Crystal Drift,Desconhecido,Desconhecido,Desconhecido,3,"R$ 19,97","R$ 0,45","R$ 0,00","R$ 19,52"
Golden Piscean Pulverizer,Desconhecido,Desconhecido,Desconhecido,3,"R$ 27,32","R$ 7,82","R$ 0,00","R$ 19,50"
Astral Origins - Belt,Desconhecido,Desconhecido,Desconhecido,3,"R$ 22,40","R$ 3,22","R$ 0,00","R$ 19,18"
Taunt: Not Just Your Average Bear,Desconhecido,Desconhecido,Desconhecido,12,"R$ 23,33","R$ 4,16","R$ 0,00","R$ 19,17"
Severing Crest,Desconhecido,Desconhecido,Desconhecido,1,"R$ 19,00","R$ 0,00","R$ 0,00","R$ 19,00"
Jade Reckoning,Desconhecido,Desconhecido,Desconhecido,6,"R$ 24,83","R$ 5,88","R$ 0,00","R$ 18,95"
Autographed Mantle of the Cinder Baron,Desconhecido,Desconhecido,Desconhecido,1,"R$ 18,81","R$ 0,00","R$ 0,00","R$ 18,81"
Mask of the Demon Trickster,Desconhecido,Desconhecido,Desconhecido,1,"R$ 18,77","R$ 0,00","R$ 0,00","R$ 18,77"
Roost of the Winter Raven - Head,Desconhecido,Desconhecido,Desconhecido,1,"R$ 18,72","R$ 0,00","R$ 0,00","R$ 18,72"
Gravelmaw,Desconhecido,Desconhecido,Desconhecido,3,"R$ 19,23","R$ 0,68","R$ 0,00","R$ 18,55"
Servant of the Sightless Shamans Head,Desconhecido,Desconhecido,Desconhecido,2,"R$ 18,50","R$ 0,00","R$ 0,00","R$ 18,50"
Inscribed Honor of the Temple of the Fallen Sun,Desconhecido,Desconhecido,Desconhecido,1,"R$ 28,44","R$ 10,00","R$ 0,00","R$ 18,44"
Bane of the Deathstalkers - Head,Desconhecido,Desconhecido,Desconhecido,1,"R$ 20,82","R$ 2,43","R$ 0,00","R$ 18,39"
Core - Imortal Pack,Desconhecido,Desconhecido,Desconhecido,5,"R$ 54,00","R$ 35,64","R$ 0,00","R$ 18,36"
Hunger of the Howling Wilds Weapon,Desconhecido,Desconhecido,Desconhecido,3,"R$ 20,54","R$ 2,18","R$ 0,00","R$ 18,36"
Wyvernguard Edge,Desconhecido,Desconhecido,Desconhecido,2,"R$ 18,70","R$ 0,35","R$ 0,00","R$ 18,35"
The Order of Cyprin,Desconhecido,Desconhecido,Desconhecido,10,"R$ 19,83","R$ 1,56","R$ 0,00","R$ 18,27"
Genuine Gravelmaw,Desconhecido,Desconhecido,Desconhecido,2,"R$ 18,22","R$ 0,00","R$ 0,00","R$ 18,22"
Golden Twilight Schism,Desconhecido,Desconhecido,Desconhecido,18,"R$ 20,58","R$ 2,37","R$ 0,00","R$ 18,21"
Controlled Burn,Desconhecido,Desconhecido,Desconhecido,11,"R$ 26,51","R$ 8,38","R$ 0,00","R$ 18,13"
Inscribed Kindred of the Iron Dragon,Desconhecido,Desconhecido,Desconhecido,4,"R$ 18,07","R$ 0,17","R$ 0,00","R$ 17,90"
Battle Glory Kill Banner,Desconhecido,Desconhecido,Desconhecido,8,"R$ 19,34","R$ 1,61","R$ 0,00","R$ 17,73"
Demonic Essence,Desconhecido,Desconhecido,Desconhecido,3,"R$ 18,30","R$ 0,59","R$ 0,00","R$ 17,71"
Inscribed Golden Piscean Pulverizer,Desconhecido,Desconhecido,Desconhecido,2,"R$ 17,69","R$ 0,00","R$ 0,00","R$ 17,69"
Inscribed Tormented Staff,Desconhecido,Desconhecido,Desconhecido,4,"R$ 20,07","R$ 2,41","R$ 0,00","R$ 17,66"
Inscribed Thirst of Eztzhok - Off-Hand,Desconhecido,Desconhecido,Desconhecido,1,"R$ 17,64","R$ 0,00","R$ 0,00","R$ 17,64"
Profane Union,Desconhecido,Desconhecido,Desconhecido,7,"R$ 17,83","R$ 0,30","R$ 0,00","R$ 17,53"
Shifty's Shortblade,Desconhecido,Desconhecido,Desconhecido,9,"R$ 19,78","R$ 2,27","R$ 0,00","R$ 17,51"
Maraxiform's Ire,Desconhecido,Desconhecido,Desconhecido,12,"R$ 18,14","R$ 0,66","R$ 0,00","R$ 17,48"
Oaths of the Dragonborn,Desconhecido,Desconhecido,Desconhecido,1,"R$ 24,42","R$ 6,96","R$ 0,00","R$ 17,46"
Taunt: In It for the Lute,Desconhecido,Desconhecido,Desconhecido,8,"R$ 20,96","R$ 3,55","R$ 0,00","R$ 17,41"
Golden Seclusions of the Void,Desconhecido,Desconhecido,Desconhecido,18,"R$ 18,86","R$ 1,45","R$ 0,00","R$ 17,41"
Inscribed Basher of Mage Skulls,Desconhecido,Desconhecido,Desconhecido,4,"R$ 18,14","R$ 0,76","R$ 0,00","R$ 17,38"
Infused Crest of the Flowering Shade,Desconhecido,Desconhecido,Desconhecido,3,"R$ 17,65","R$ 0,33","R$ 0,00","R$ 17,32"
Inscribed Golden Edge of the Lost Order,Desconhecido,Desconhecido,Desconhecido,2,"R$ 17,35","R$ 0,15","R$ 0,00","R$ 17,20"
Shadows of the Forgotten Plane,Desconhecido,Desconhecido,Desconhecido,1,"R$ 18,00","R$ 0,90","R$ 0,00","R$ 17,10"
Bracers of the Survivor,Desconhecido,Desconhecido,Desconhecido,1,"R$ 21,95","R$ 4,88","R$ 0,00","R$ 17,07"
Taunt: Keep an Ear Out,Desconhecido,Desconhecido,Desconhecido,7,"R$ 17,09","R$ 0,04","R$ 0,00","R$ 17,05"
Hidden Vector - Armor,Desconhecido,Desconhecido,Desconhecido,3,"R$ 17,25","R$ 0,23","R$ 0,00","R$ 17,02"
Taunt: Fearless Cadence,Desconhecido,Desconhecido,Desconhecido,8,"R$ 18,56","R$ 1,68","R$ 0,00","R$ 16,88"
Golden Mask of Metira,Desconhecido,Desconhecido,Desconhecido,8,"R$ 18,52","R$ 1,78","R$ 0,00","R$ 16,74"
Blackened Edge of the Bladekeeper,Desconhecido,Desconhecido,Desconhecido,3,"R$ 16,79","R$ 0,14","R$ 0,00","R$ 16,65"
Pachyderm Powderwagon Elephant,Desconhecido,Desconhecido,Desconhecido,2,"R$ 17,76","R$ 1,13","R$ 0,00","R$ 16,63"
Taunt: Foolish Gallantry,Desconhecido,Desconhecido,Desconhecido,2,"R$ 16,45","R$ 0,00","R$ 0,00","R$ 16,45"
Solitude of the Winter Squall,Desconhecido,Desconhecido,Desconhecido,9,"R$ 17,96","R$ 1,67","R$ 0,00","R$ 16,29"
Hidden Vector - Belt,Desconhecido,Desconhecido,Desconhecido,3,"R$ 19,83","R$ 3,65","R$ 0,00","R$ 16,18"
Little Blink Dagger,Desconhecido,Desconhecido,Desconhecido,3,"R$ 16,18","R$ 0,00","R$ 0,00","R$ 16,18"
Taunt: To Hell and Back!,Desconhecido,Desconhecido,Desconhecido,5,"R$ 18,27","R$ 2,13","R$ 0,00","R$ 16,14"
Chaos Fulcrum,Desconhecido,Desconhecido,Desconhecido,10,"R$ 19,28","R$ 3,18","R$ 0,00","R$ 16,10"
Inscribed Geodesic Eidolon,Desconhecido,Desconhecido,Desconhecido,2,"R$ 16,04","R$ 0,00","R$ 0,00","R$ 16,04"
Inscribed Crazed Tassels of the Black Death,Desconhecido,Desconhecido,Desconhecido,2,"R$ 20,89","R$ 4,85","R$ 0,00","R$ 16,04"
Inscribed Pale Mausoleum,Desconhecido,Desconhecido,Desconhecido,1,"R$ 19,95","R$ 3,99","R$ 0,00","R$ 15,96"
Suporte - Imortal Pack,Desconhecido,Desconhecido,Desconhecido,4,"R$ 90,00","R$ 74,26","R$ 0,00","R$ 15,74"
Golden Bracers of Forlorn Precipice,Desconhecido,Desconhecido,Desconhecido,15,"R$ 17,41","R$ 1,74","R$ 0,00","R$ 15,67"
Taunt: Party On?  Party Off!,Desconhecido,Desconhecido,Desconhecido,3,"R$ 15,79","R$ 0,16","R$ 0,00","R$ 15,63"
Inscribed Tines of Tybara,Desconhecido,Desconhecido,Desconhecido,1,"R$ 15,60","R$ 0,00","R$ 0,00","R$ 15,60"
Autographed Monarch of the Sapphire Glen,Desconhecido,Desconhecido,Desconhecido,1,"R$ 15,71","R$ 0,16","R$ 0,00","R$ 15,55"
Call of the Bladeform Legacy,Desconhecido,Desconhecido,Desconhecido,6,"R$ 15,68","R$ 0,15","R$ 0,00","R$ 15,53"
Inscribed Pulsar Remnant,Desconhecido,Desconhecido,Desconhecido,2,"R$ 31,19","R$ 15,69","R$ 0,00","R$ 15,50"
Armor of the Outland Ravager,Desconhecido,Desconhecido,Desconhecido,1,"R$ 15,45","R$ 0,00","R$ 0,00","R$ 15,45"
Inscribed Shearing Deposition,Desconhecido,Desconhecido,Desconhecido,2,"R$ 18,77","R$ 3,33","R$ 0,00","R$ 15,44"
Jagged Honor Bracer,Desconhecido,Desconhecido,Desconhecido,1,"R$ 15,58","R$ 0,28","R$ 0,00","R$ 15,30"
Slumbering Terror,Desconhecido,Desconhecido,Desconhecido,4,"R$ 16,82","R$ 1,69","R$ 0,00","R$ 15,13"
Inscribed Resistive Pinfold,Desconhecido,Desconhecido,Desconhecido,4,"R$ 15,84","R$ 0,72","R$ 0,00","R$ 15,12"
Inscribed Razzil's Midas Knuckles,Desconhecido,Desconhecido,Desconhecido,1,"R$ 15,00","R$ 0,00","R$ 0,00","R$ 15,00"
Crystal Dryad,Desconhecido,Desconhecido,Desconhecido,5,"R$ 52,72","R$ 37,82","R$ 0,00","R$ 14,90"
Song of the Shadow Dragon - Back,Desconhecido,Desconhecido,Desconhecido,1,"R$ 14,85","R$ 0,00","R$ 0,00","R$ 14,85"
Golden Dread Requisition,Desconhecido,Desconhecido,Desconhecido,17,"R$ 17,07","R$ 2,27","R$ 0,00","R$ 14,80"
Barding of Balaur,Desconhecido,Desconhecido,Desconhecido,2,"R$ 22,10","R$ 7,32","R$ 0,00","R$ 14,78"
Taunt: The Finer Points,Desconhecido,Desconhecido,Desconhecido,2,"R$ 14,69","R$ 0,00","R$ 0,00","R$ 14,69"
Aspect of Oscilla,Desconhecido,Desconhecido,Desconhecido,17,"R$ 16,24","R$ 1,57","R$ 0,00","R$ 14,67"
Frostmoot Tree,Desconhecido,Desconhecido,Desconhecido,2,"R$ 15,43","R$ 0,81","R$ 0,00","R$ 14,62"
Darktrench Stalker - Arms,Desconhecido,Desconhecido,Desconhecido,1,"R$ 14,51","R$ 0,00","R$ 0,00","R$ 14,51"
Autographed Ice Blossom,Desconhecido,Desconhecido,Desconhecido,2,"R$ 15,19","R$ 0,68","R$ 0,00","R$ 14,51"
Golden Dark Maw Inhibitor,Desconhecido,Desconhecido,Desconhecido,13,"R$ 14,65","R$ 0,17","R$ 0,00","R$ 14,48"
Genuine Razzil's Midas Knuckles,Desconhecido,Desconhecido,Desconhecido,2,"R$ 15,73","R$ 1,27","R$ 0,00","R$ 14,46"
Wings of the Foulfell Corruptor,Desconhecido,Desconhecido,Desconhecido,1,"R$ 18,01","R$ 3,60","R$ 0,00","R$ 14,41"
Flock of Avilliva,Desconhecido,Desconhecido,Desconhecido,1,"R$ 14,37","R$ 0,00","R$ 0,00","R$ 14,37"
Taunt:  The Cat Dancer!,Desconhecido,Desconhecido,Desconhecido,3,"R$ 14,58","R$ 0,23","R$ 0,00","R$ 14,35"
Yulsaria's Mantle,Desconhecido,Desconhecido,Desconhecido,14,"R$ 17,06","R$ 2,75","R$ 0,00","R$ 14,31"
Draca Maw,Desconhecido,Desconhecido,Desconhecido,10,"R$ 18,87","R$ 4,62","R$ 0,00","R$ 14,25"
Inscribed Malefic Drake's Hood,Desconhecido,Desconhecido,Desconhecido,3,"R$ 14,34","R$ 0,09","R$ 0,00","R$ 14,25"
Golden Chaos Fulcrum,Desconhecido,Desconhecido,Desconhecido,2,"R$ 14,10","R$ 0,00","R$ 0,00","R$ 14,10"
Inscribed Blood Chaser,Desconhecido,Desconhecido,Desconhecido,1,"R$ 14,06","R$ 0,00","R$ 0,00","R$ 14,06"
Draconic Divide (30 dias para envio GIFT),Desconhecido,Desconhecido,Desconhecido,2,"R$ 14,40","R$ 0,36","R$ 0,00","R$ 14,04"
Staff of Gun-Yu,Desconhecido,Desconhecido,Desconhecido,14,"R$ 16,14","R$ 2,27","R$ 0,00","R$ 13,87"
Whalehook,Desconhecido,Desconhecido,Desconhecido,2,"R$ 22,84","R$ 8,99","R$ 0,00","R$ 13,85"
Malefic Drake's Strike,Desconhecido,Desconhecido,Desconhecido,10,"R$ 18,36","R$ 4,53","R$ 0,00","R$ 13,83"
King Kringle Back,Desconhecido,Desconhecido,Desconhecido,1,"R$ 13,86","R$ 0,14","R$ 0,00","R$ 13,72"
Radiant Conqueror Weapon,Desconhecido,Desconhecido,Desconhecido,1,"R$ 20,13","R$ 6,55","R$ 0,00","R$ 13,58"
Savage Mettle,Desconhecido,Desconhecido,Desconhecido,7,"R$ 15,33","R$ 1,81","R$ 0,00","R$ 13,52"
Inscribed Paraflare Cannon,Desconhecido,Desconhecido,Desconhecido,1,"R$ 13,52","R$ 0,00","R$ 0,00","R$ 13,52"
Golden Infernal Cavalcade (30 dias para envio GIFT),Desconhecido,Desconhecido,Desconhecido,1,"R$ 13,50","R$ 0,00","R$ 0,00","R$ 13,50"
Golden Fin of the First Spear,Desconhecido,Desconhecido,Desconhecido,10,"R$ 16,37","R$ 3,08","R$ 0,00","R$ 13,29"
Autographed Cult of Aktok,Desconhecido,Desconhecido,Desconhecido,1,"R$ 13,28","R$ 0,00","R$ 0,00","R$ 13,28"
Blossom of the Merry Wanderer,Desconhecido,Desconhecido,Desconhecido,21,"R$ 16,47","R$ 3,22","R$ 0,00","R$ 13,25"
Kindred of the Iron Dragon,Desconhecido,Desconhecido,Desconhecido,4,"R$ 25,89","R$ 12,65","R$ 0,00","R$ 13,24"
Inscribed Hydrakan Latch,Desconhecido,Desconhecido,Desconhecido,1,"R$ 13,50","R$ 0,27","R$ 0,00","R$ 13,23"
Battle Banner of the Masked,Desconhecido,Desconhecido,Desconhecido,2,"R$ 13,51","R$ 0,38","R$ 0,00","R$ 13,13"
Banner of the Daemonfell Flame,Desconhecido,Desconhecido,Desconhecido,1,"R$ 13,19","R$ 0,18","R$ 0,00","R$ 13,01"
Desert Burn Crossbow,Desconhecido,Desconhecido,Desconhecido,1,"R$ 13,00","R$ 0,00","R$ 0,00","R$ 13,00"
Taunt: Beautiful Snowangel,Desconhecido,Desconhecido,Desconhecido,4,"R$ 13,11","R$ 0,16","R$ 0,00","R$ 12,95"
Temple Guardian - Head,Desconhecido,Desconhecido,Desconhecido,1,"R$ 12,94","R$ 0,00","R$ 0,00","R$ 12,94"
Deepshock Destroyer,Desconhecido,Desconhecido,Desconhecido,17,"R$ 15,29","R$ 2,37","R$ 0,00","R$ 12,92"
The Gates of Nothl,Desconhecido,Desconhecido,Desconhecido,15,"R$ 13,10","R$ 0,19","R$ 0,00","R$ 12,91"
Blade of the Survivor,Desconhecido,Desconhecido,Desconhecido,1,"R$ 12,83","R$ 0,00","R$ 0,00","R$ 12,83"
Genuine Wyvern Hatchling,Desconhecido,Desconhecido,Desconhecido,7,"R$ 12,84","R$ 0,08","R$ 0,00","R$ 12,76"
Taunt: Raging Bull,Desconhecido,Desconhecido,Desconhecido,2,"R$ 12,73","R$ 0,00","R$ 0,00","R$ 12,73"
Blastmitt Berserker Bundle,Desconhecido,Desconhecido,Desconhecido,8,"R$ 17,62","R$ 4,94","R$ 0,00","R$ 12,68"
Onibi,Desconhecido,Desconhecido,Desconhecido,3,"R$ 12,75","R$ 0,10","R$ 0,00","R$ 12,65"
Scorn of the Winged Sentinel,Desconhecido,Desconhecido,Desconhecido,1,"R$ 12,58","R$ 0,00","R$ 0,00","R$ 12,58"
Maraxiform's Fate Bundle,Desconhecido,Desconhecido,Desconhecido,4,"R$ 12,52","R$ 0,00","R$ 0,00","R$ 12,52"
Hunger of the Howling Wilds Off-Hand Weapon,Desconhecido,Desconhecido,Desconhecido,1,"R$ 12,52","R$ 0,00","R$ 0,00","R$ 12,52"
Mournful Reverie,Desconhecido,Desconhecido,Desconhecido,12,"R$ 17,20","R$ 4,74","R$ 0,00","R$ 12,46"
Inscribed Golden Fortune's Tout,Desconhecido,Desconhecido,Desconhecido,1,"R$ 13,00","R$ 0,65","R$ 0,00","R$ 12,35"
Turstarkuri Pilgrim Offhand Weapon,Desconhecido,Desconhecido,Desconhecido,3,"R$ 12,27","R$ 0,00","R$ 0,00","R$ 12,27"
Infused Helm of the Dark Moon Stalker,Desconhecido,Desconhecido,Desconhecido,1,"R$ 12,23","R$ 0,00","R$ 0,00","R$ 12,23"
Paragon's Rebuke,Desconhecido,Desconhecido,Desconhecido,14,"R$ 12,97","R$ 0,78","R$ 0,00","R$ 12,19"
Autographed Golden Bloodfeather Feast,Desconhecido,Desconhecido,Desconhecido,1,"R$ 12,43","R$ 0,25","R$ 0,00","R$ 12,18"
Infernal Menace,Desconhecido,Desconhecido,Desconhecido,19,"R$ 12,29","R$ 0,14","R$ 0,00","R$ 12,15"
The Bell of Meranthia,Desconhecido,Desconhecido,Desconhecido,18,"R$ 14,32","R$ 2,20","R$ 0,00","R$ 12,12"
Umbral Glyph,Desconhecido,Desconhecido,Desconhecido,18,"R$ 13,12","R$ 1,01","R$ 0,00","R$ 12,11"
Ravencloak - Legs,Desconhecido,Desconhecido,Desconhecido,4,"R$ 13,31","R$ 1,22","R$ 0,00","R$ 12,09"
Ravencloak - Arms,Desconhecido,Desconhecido,Desconhecido,4,"R$ 13,28","R$ 1,22","R$ 0,00","R$ 12,06"
Skywarrior's Countenance,Desconhecido,Desconhecido,Desconhecido,1,"R$ 12,00","R$ 0,00","R$ 0,00","R$ 12,00"
Inscribed Orb of Deliverance,Desconhecido,Desconhecido,Desconhecido,1,"R$ 14,12","R$ 2,12","R$ 0,00","R$ 12,00"
Great Sage's Reckoning - Head,Desconhecido,Desconhecido,Desconhecido,1,"R$ 11,99","R$ 0,00","R$ 0,00","R$ 11,99"
Turstarkuri Pilgrim Weapon,Desconhecido,Desconhecido,Desconhecido,3,"R$ 11,98","R$ 0,00","R$ 0,00","R$ 11,98"
Infused Dress of the Bewitching Flare,Desconhecido,Desconhecido,Desconhecido,2,"R$ 12,07","R$ 0,18","R$ 0,00","R$ 11,89"
Ember Spirit's Hat,Desconhecido,Desconhecido,Desconhecido,1,"R$ 12,50","R$ 0,63","R$ 0,00","R$ 11,87"
Tiny Frostmoot,Desconhecido,Desconhecido,Desconhecido,5,"R$ 13,96","R$ 2,13","R$ 0,00","R$ 11,83"
Eyes in the Endless Dark,Desconhecido,Desconhecido,Desconhecido,11,"R$ 11,78","R$ 0,15","R$ 0,00","R$ 11,63"
Blood Chaser,Desconhecido,Desconhecido,Desconhecido,1,"R$ 11,56","R$ 0,00","R$ 0,00","R$ 11,56"
Golden Edict of Shadows,Desconhecido,Desconhecido,Desconhecido,12,"R$ 12,44","R$ 0,90","R$ 0,00","R$ 11,54"
Blastmitt Boreblade,Desconhecido,Desconhecido,Desconhecido,13,"R$ 12,53","R$ 1,02","R$ 0,00","R$ 11,51"
Voice of the Magus Cypher,Desconhecido,Desconhecido,Desconhecido,4,"R$ 11,80","R$ 0,30","R$ 0,00","R$ 11,50"
Shatterblast Core,Desconhecido,Desconhecido,Desconhecido,12,"R$ 12,40","R$ 0,93","R$ 0,00","R$ 11,47"
Taunt: Fight Me!,Desconhecido,Desconhecido,Desconhecido,3,"R$ 11,44","R$ 0,00","R$ 0,00","R$ 11,44"
Arc of Manta,Desconhecido,Desconhecido,Desconhecido,3,"R$ 11,60","R$ 0,20","R$ 0,00","R$ 11,40"
Arc of Manta - Off-Hand,Desconhecido,Desconhecido,Desconhecido,3,"R$ 11,60","R$ 0,20","R$ 0,00","R$ 11,40"
"Taunt: The King Doesn't Walk, He Rules",Desconhecido,Desconhecido,Desconhecido,7,"R$ 11,77","R$ 0,42","R$ 0,00","R$ 11,35"
Large Frostmoot,Desconhecido,Desconhecido,Desconhecido,3,"R$ 11,48","R$ 0,25","R$ 0,00","R$ 11,23"
Inscribed Pachyderm Powderwagon Remote Mine,Desconhecido,Desconhecido,Desconhecido,2,"R$ 11,98","R$ 0,82","R$ 0,00","R$ 11,16"
Keeper of Oloxicam's Glass,Desconhecido,Desconhecido,Desconhecido,1,"R$ 12,14","R$ 1,00","R$ 0,00","R$ 11,14"
Taunt: The Master Juggles,Desconhecido,Desconhecido,Desconhecido,5,"R$ 14,94","R$ 3,83","R$ 0,00","R$ 11,11"
Taunt: Rolling Stone!,Desconhecido,Desconhecido,Desconhecido,8,"R$ 13,05","R$ 1,98","R$ 0,00","R$ 11,07"
Inscribed Rollermawster,Desconhecido,Desconhecido,Desconhecido,3,"R$ 11,62","R$ 0,57","R$ 0,00","R$ 11,05"
Spirit of the Sacred Grove - Head,Desconhecido,Desconhecido,Desconhecido,1,"R$ 11,05","R$ 0,00","R$ 0,00","R$ 11,05"
Servant of Scree'Auk Baby Roshan,Desconhecido,Desconhecido,Desconhecido,3,"R$ 11,10","R$ 0,07","R$ 0,00","R$ 11,03"
Genuine Pin: The International 2016 Attendee,Desconhecido,Desconhecido,Desconhecido,1,"R$ 13,27","R$ 2,33","R$ 0,00","R$ 10,94"
Taunt: Quick Draw!,Desconhecido,Desconhecido,Desconhecido,8,"R$ 11,91","R$ 1,02","R$ 0,00","R$ 10,89"
Exalted Feast of Abscession - Back,Desconhecido,Desconhecido,Desconhecido,4,"R$ 12,72","R$ 1,86","R$ 0,00","R$ 10,86"
Taunt: Hot Eats,Desconhecido,Desconhecido,Desconhecido,7,"R$ 10,91","R$ 0,06","R$ 0,00","R$ 10,85"
Genuine Pin: The International 2017 Attendee,Desconhecido,Desconhecido,Desconhecido,1,"R$ 13,13","R$ 2,31","R$ 0,00","R$ 10,82"
Blastmitt Boreblade (30 dias para envio GIFT),Desconhecido,Desconhecido,Desconhecido,1,"R$ 10,80","R$ 0,00","R$ 0,00","R$ 10,80"
Inscribed Horns of the Betrayer,Desconhecido,Desconhecido,Desconhecido,2,"R$ 10,83","R$ 0,21","R$ 0,00","R$ 10,62"
Inscribed Unbroken Fealty,Desconhecido,Desconhecido,Desconhecido,3,"R$ 17,44","R$ 6,82","R$ 0,00","R$ 10,62"
Armor of the Abyssal Scourge,Desconhecido,Desconhecido,Desconhecido,1,"R$ 13,26","R$ 2,65","R$ 0,00","R$ 10,61"
Spiteful Djinn,Desconhecido,Desconhecido,Desconhecido,1,"R$ 10,58","R$ 0,00","R$ 0,00","R$ 10,58"
Infused Blade of Flightless Fury,Desconhecido,Desconhecido,Desconhecido,1,"R$ 10,51","R$ 0,00","R$ 0,00","R$ 10,51"
Keeper of Oloxicam's Glass Hourglass,Desconhecido,Desconhecido,Desconhecido,2,"R$ 14,24","R$ 3,77","R$ 0,00","R$ 10,47"
Taunt: The Cat Dancer!,Desconhecido,Desconhecido,Desconhecido,4,"R$ 15,48","R$ 5,02","R$ 0,00","R$ 10,46"
Pudgling,Desconhecido,Desconhecido,Desconhecido,14,"R$ 61,45","R$ 51,00","R$ 0,00","R$ 10,45"
Genuine Class Zero Moogle,Desconhecido,Desconhecido,Desconhecido,1,"R$ 11,39","R$ 0,95","R$ 0,00","R$ 10,44"
Taunt: Get the Blood Flowing,Desconhecido,Desconhecido,Desconhecido,3,"R$ 10,82","R$ 0,38","R$ 0,00","R$ 10,44"
Primal Peacemaker,Desconhecido,Desconhecido,Desconhecido,16,"R$ 12,52","R$ 2,09","R$ 0,00","R$ 10,43"
Zeal of Omoz Arkosh,Desconhecido,Desconhecido,Desconhecido,12,"R$ 11,47","R$ 1,09","R$ 0,00","R$ 10,38"
Emerald Subjugation,Desconhecido,Desconhecido,Desconhecido,13,"R$ 11,59","R$ 1,27","R$ 0,00","R$ 10,32"
Taunt: Spider Shuffle,Desconhecido,Desconhecido,Desconhecido,2,"R$ 11,06","R$ 0,74","R$ 0,00","R$ 10,32"
The Resurrection of Shen - Legs,Desconhecido,Desconhecido,Desconhecido,7,"R$ 11,35","R$ 1,10","R$ 0,00","R$ 10,25"
Inscribed Crown of Tears,Desconhecido,Desconhecido,Desconhecido,2,"R$ 10,34","R$ 0,10","R$ 0,00","R$ 10,24"
Shade of the Spiteful Eye,Desconhecido,Desconhecido,Desconhecido,2,"R$ 10,17","R$ 0,00","R$ 0,00","R$ 10,17"
Piscean Pulverizer,Desconhecido,Desconhecido,Desconhecido,7,"R$ 23,11","R$ 12,99","R$ 0,00","R$ 10,12"
Taunt: Float Where He Wanna,Desconhecido,Desconhecido,Desconhecido,3,"R$ 11,02","R$ 0,91","R$ 0,00","R$ 10,11"
Emerald Conquest,Desconhecido,Desconhecido,Desconhecido,12,"R$ 12,03","R$ 1,95","R$ 0,00","R$ 10,08"
Inscribed Battle Banner of the Masked,Desconhecido,Desconhecido,Desconhecido,2,"R$ 10,69","R$ 0,64","R$ 0,00","R$ 10,05"
Armor of the Winged Sentinel,Desconhecido,Desconhecido,Desconhecido,7,"R$ 12,03","R$ 2,02","R$ 0,00","R$ 10,01"
Charms of the Firefiend (30 dias para envio GIFT),Desconhecido,Desconhecido,Desconhecido,1,"R$ 10,00","R$ 0,00","R$ 0,00","R$ 10,00"
Golden Awaleb's Trundleweed,Desconhecido,Desconhecido,Desconhecido,7,"R$ 13,77","R$ 3,78","R$ 0,00","R$ 9,99"
Golden Infernal Cavalcade,Desconhecido,Desconhecido,Desconhecido,20,"R$ 12,60","R$ 2,62","R$ 0,00","R$ 9,98"
Genuine Hell's Guide,Desconhecido,Desconhecido,Desconhecido,1,"R$ 9,90","R$ 0,00","R$ 0,00","R$ 9,90"
Tremors of the Tandem Storm,Desconhecido,Desconhecido,Desconhecido,18,"R$ 11,43","R$ 1,79","R$ 0,00","R$ 9,64"
Perversions of the Bloodwhorl,Desconhecido,Desconhecido,Desconhecido,14,"R$ 12,19","R$ 2,57","R$ 0,00","R$ 9,62"
Flock of Avilliva - Belt,Desconhecido,Desconhecido,Desconhecido,2,"R$ 9,54","R$ 0,00","R$ 0,00","R$ 9,54"
Golden Shadow of the Dark Age,Desconhecido,Desconhecido,Desconhecido,13,"R$ 10,75","R$ 1,24","R$ 0,00","R$ 9,51"
Edict of Shadows,Desconhecido,Desconhecido,Desconhecido,15,"R$ 10,25","R$ 0,76","R$ 0,00","R$ 9,49"
Dread Requisition,Desconhecido,Desconhecido,Desconhecido,16,"R$ 11,18","R$ 1,71","R$ 0,00","R$ 9,47"
Blazing Hatchling,Desconhecido,Desconhecido,Desconhecido,1,"R$ 18,00","R$ 8,71","R$ 0,00","R$ 9,29"
Elixir of Dragon's Breath,Desconhecido,Desconhecido,Desconhecido,1,"R$ 9,20","R$ 0,00","R$ 0,00","R$ 9,20"
Dark Maw Inhibitor,Desconhecido,Desconhecido,Desconhecido,13,"R$ 10,01","R$ 0,91","R$ 0,00","R$ 9,10"
Taunt: Get Burned,Desconhecido,Desconhecido,Desconhecido,3,"R$ 9,36","R$ 0,30","R$ 0,00","R$ 9,06"
The Barb of Skadi,Desconhecido,Desconhecido,Desconhecido,1,"R$ 9,00","R$ 0,00","R$ 0,00","R$ 9,00"
Night Terrors,Desconhecido,Desconhecido,Desconhecido,1,"R$ 9,00","R$ 0,00","R$ 0,00","R$ 9,00"
Taunt: Come and Get It!,Desconhecido,Desconhecido,Desconhecido,1,"R$ 9,00","R$ 0,00","R$ 0,00","R$ 9,00"
Arena Champion Armor,Desconhecido,Desconhecido,Desconhecido,1,"R$ 9,00","R$ 0,00","R$ 0,00","R$ 9,00"
Taunt: Giddy Up!,Desconhecido,Desconhecido,Desconhecido,3,"R$ 9,23","R$ 0,24","R$ 0,00","R$ 8,99"
Autographed Geodesic Eidolon,Desconhecido,Desconhecido,Desconhecido,1,"R$ 8,98","R$ 0,00","R$ 0,00","R$ 8,98"
Temple Guardian - Back,Desconhecido,Desconhecido,Desconhecido,1,"R$ 8,97","R$ 0,00","R$ 0,00","R$ 8,97"
Inscribed Scythes of Sorrow,Desconhecido,Desconhecido,Desconhecido,6,"R$ 9,77","R$ 0,81","R$ 0,00","R$ 8,96"
Gold 4nalog <01 Player Sticker - TI 2023,Desconhecido,Desconhecido,Desconhecido,2,"R$ 8,92","R$ 0,00","R$ 0,00","R$ 8,92"
Pack Suportes,Desconhecido,Desconhecido,Desconhecido,1,"R$ 8,90","R$ 0,00","R$ 0,00","R$ 8,90"
Totem of Deep Magma,Desconhecido,Desconhecido,Desconhecido,1,"R$ 8,99","R$ 0,18","R$ 0,00","R$ 8,81"
Taunt:  Chain Break Dance,Desconhecido,Desconhecido,Desconhecido,3,"R$ 12,11","R$ 3,33","R$ 0,00","R$ 8,78"
Rollermawster,Desconhecido,Desconhecido,Desconhecido,5,"R$ 10,67","R$ 1,96","R$ 0,00","R$ 8,71"
Pachyderm Powderwagon Weapon,Desconhecido,Desconhecido,Desconhecido,2,"R$ 9,30","R$ 0,60","R$ 0,00","R$ 8,70"
Golden Draca Mane (30 dias para envio GIFT),Desconhecido,Desconhecido,Desconhecido,1,"R$ 9,00","R$ 0,45","R$ 0,00","R$ 8,55"
Golden Flight of Epiphany,Desconhecido,Desconhecido,Desconhecido,14,"R$ 8,92","R$ 0,39","R$ 0,00","R$ 8,53"
Vigil Odyssey,Desconhecido,Desconhecido,Desconhecido,14,"R$ 9,58","R$ 1,06","R$ 0,00","R$ 8,52"
Wyvern Hatchling,Desconhecido,Desconhecido,Desconhecido,13,"R$ 17,70","R$ 9,20","R$ 0,00","R$ 8,50"
The International 2023 HUD,Desconhecido,Desconhecido,Desconhecido,4,"R$ 8,50","R$ 0,04","R$ 0,00","R$ 8,46"
Inscribed Severing Lash,Desconhecido,Desconhecido,Desconhecido,1,"R$ 8,62","R$ 0,17","R$ 0,00","R$ 8,45"
Crucible of Rile,Desconhecido,Desconhecido,Desconhecido,12,"R$ 9,21","R$ 0,78","R$ 0,00","R$ 8,43"
Wings of Unfettered Malevolence,Desconhecido,Desconhecido,Desconhecido,3,"R$ 8,80","R$ 0,42","R$ 0,00","R$ 8,38"
Infused Aquemerald Blade,Desconhecido,Desconhecido,Desconhecido,3,"R$ 8,37","R$ 0,02","R$ 0,00","R$ 8,35"
Dreadmist Dragoon - Mount,Desconhecido,Desconhecido,Desconhecido,1,"R$ 12,43","R$ 4,10","R$ 0,00","R$ 8,33"
Darktrench Stalker Loading Screen,Desconhecido,Desconhecido,Desconhecido,2,"R$ 8,30","R$ 0,00","R$ 0,00","R$ 8,30"
Harborblossom,Desconhecido,Desconhecido,Desconhecido,10,"R$ 9,63","R$ 1,41","R$ 0,00","R$ 8,22"
Paragon's Pride,Desconhecido,Desconhecido,Desconhecido,4,"R$ 10,67","R$ 2,48","R$ 0,00","R$ 8,19"
Taunt: Battle Dressage,Desconhecido,Desconhecido,Desconhecido,3,"R$ 8,14","R$ 0,00","R$ 0,00","R$ 8,14"
Taunt: In the Spirit of Peace,Desconhecido,Desconhecido,Desconhecido,10,"R$ 8,88","R$ 0,75","R$ 0,00","R$ 8,13"
Searing Dominator,Desconhecido,Desconhecido,Desconhecido,5,"R$ 8,83","R$ 0,73","R$ 0,00","R$ 8,10"
Shoulders of the Survivor,Desconhecido,Desconhecido,Desconhecido,1,"R$ 8,10","R$ 0,00","R$ 0,00","R$ 8,10"
Conspicuous Culprit,Desconhecido,Desconhecido,Desconhecido,1,"R$ 8,10","R$ 0,00","R$ 0,00","R$ 8,10"
Taunt: Funk of the Dead,Desconhecido,Desconhecido,Desconhecido,2,"R$ 8,14","R$ 0,04","R$ 0,00","R$ 8,10"
Unusual Seraphic Greevil,Desconhecido,Desconhecido,Desconhecido,2,"R$ 8,08","R$ 0,00","R$ 0,00","R$ 8,08"
Apocalypse Unbound '(30 dias para envio GIFT),Desconhecido,Desconhecido,Desconhecido,1,"R$ 63,00","R$ 54,96","R$ 0,00","R$ 8,04"
Birdfeed Bandit,Desconhecido,Desconhecido,Desconhecido,2,"R$ 8,75","R$ 0,72","R$ 0,00","R$ 8,03"
Taunt: Making Friends,Desconhecido,Desconhecido,Desconhecido,3,"R$ 8,04","R$ 0,09","R$ 0,00","R$ 7,95"
Stuntwood Sanctuary,Desconhecido,Desconhecido,Desconhecido,5,"R$ 8,88","R$ 0,93","R$ 0,00","R$ 7,95"
Golden Rectifier,Desconhecido,Desconhecido,Desconhecido,12,"R$ 11,39","R$ 3,48","R$ 0,00","R$ 7,91"
Blastmitt Berserker,Desconhecido,Desconhecido,Desconhecido,9,"R$ 8,91","R$ 1,02","R$ 0,00","R$ 7,89"
Heart of Eztzhok,Desconhecido,Desconhecido,Desconhecido,4,"R$ 8,40","R$ 0,60","R$ 0,00","R$ 7,80"
Taunt: Bring It On,Desconhecido,Desconhecido,Desconhecido,2,"R$ 7,87","R$ 0,09","R$ 0,00","R$ 7,78"
Mecha Boots of Travel Mk III,Desconhecido,Desconhecido,Desconhecido,3,"R$ 10,20","R$ 2,45","R$ 0,00","R$ 7,75"
Voice of Flockheart's Gamble,Desconhecido,Desconhecido,Desconhecido,2,"R$ 7,72","R$ 0,00","R$ 0,00","R$ 7,72"
Taunt: Sawed-off Watergun,Desconhecido,Desconhecido,Desconhecido,4,"R$ 7,80","R$ 0,09","R$ 0,00","R$ 7,71"
Taunt: Step Lively,Desconhecido,Desconhecido,Desconhecido,4,"R$ 7,79","R$ 0,08","R$ 0,00","R$ 7,71"
Fin of the First Spear,Desconhecido,Desconhecido,Desconhecido,14,"R$ 8,25","R$ 0,54","R$ 0,00","R$ 7,71"
Taunt: Ice Cold Baller,Desconhecido,Desconhecido,Desconhecido,4,"R$ 8,62","R$ 0,92","R$ 0,00","R$ 7,70"
Fate of Hydrophiinae,Desconhecido,Desconhecido,Desconhecido,20,"R$ 8,90","R$ 1,20","R$ 0,00","R$ 7,70"
Fluttering Staff,Desconhecido,Desconhecido,Desconhecido,2,"R$ 17,10","R$ 9,41","R$ 0,00","R$ 7,69"
Taunt: Fit to Rule,Desconhecido,Desconhecido,Desconhecido,7,"R$ 8,84","R$ 1,16","R$ 0,00","R$ 7,68"
Inscribed Shadow Masquerade,Desconhecido,Desconhecido,Desconhecido,3,"R$ 17,54","R$ 9,91","R$ 0,00","R$ 7,63"
Shield of the Emerald Insurgence,Desconhecido,Desconhecido,Desconhecido,1,"R$ 61,77","R$ 54,17","R$ 0,00","R$ 7,60"
Vengeance of the Brine Lords,Desconhecido,Desconhecido,Desconhecido,2,"R$ 7,58","R$ 0,00","R$ 0,00","R$ 7,58"
Razil's Revitalizer,Desconhecido,Desconhecido,Desconhecido,3,"R$ 7,53","R$ 0,00","R$ 0,00","R$ 7,53"
Secrets of the Frost Singularity '(30 dias para envio GIFT),Desconhecido,Desconhecido,Desconhecido,1,"R$ 58,00","R$ 50,60","R$ 0,00","R$ 7,40"
Ravencloak - Weapon,Desconhecido,Desconhecido,Desconhecido,3,"R$ 8,26","R$ 0,88","R$ 0,00","R$ 7,38"
Inscribed Savage Mettle,Desconhecido,Desconhecido,Desconhecido,3,"R$ 7,45","R$ 0,08","R$ 0,00","R$ 7,37"
Taunt: Shake Your Money Maker,Desconhecido,Desconhecido,Desconhecido,4,"R$ 7,79","R$ 0,49","R$ 0,00","R$ 7,30"
Na'Vi's Weaselcrow,Desconhecido,Desconhecido,Desconhecido,5,"R$ 7,74","R$ 0,45","R$ 0,00","R$ 7,29"
Golden Sullen Sanctum,Desconhecido,Desconhecido,Desconhecido,3,"R$ 7,35","R$ 0,11","R$ 0,00","R$ 7,24"
Golden Sullen Shrine,Desconhecido,Desconhecido,Desconhecido,2,"R$ 7,21","R$ 0,00","R$ 0,00","R$ 7,21"
Plunder of the High Seas,Desconhecido,Desconhecido,Desconhecido,2,"R$ 7,20","R$ 0,00","R$ 0,00","R$ 7,20"
BladeBiter,Desconhecido,Desconhecido,Desconhecido,1,"R$ 7,20","R$ 0,00","R$ 0,00","R$ 7,20"
Bloomjewel Brawler,Desconhecido,Desconhecido,Desconhecido,2,"R$ 11,70","R$ 4,51","R$ 0,00","R$ 7,19"
Warden of the Hellborn,Desconhecido,Desconhecido,Desconhecido,14,"R$ 7,66","R$ 0,55","R$ 0,00","R$ 7,11"
Inscribed Offhand Basher of Mage Skulls,Desconhecido,Desconhecido,Desconhecido,2,"R$ 7,15","R$ 0,07","R$ 0,00","R$ 7,08"
Taunt: RazorFlip!,Desconhecido,Desconhecido,Desconhecido,8,"R$ 8,13","R$ 1,11","R$ 0,00","R$ 7,02"
Radiant Conqueror Head,Desconhecido,Desconhecido,Desconhecido,1,"R$ 7,00","R$ 0,00","R$ 0,00","R$ 7,00"
Inscribed Ice Blossom,Desconhecido,Desconhecido,Desconhecido,1,"R$ 6,94","R$ 0,00","R$ 0,00","R$ 6,94"
Blackshield Protodrone Missile Launcher,Desconhecido,Desconhecido,Desconhecido,2,"R$ 13,10","R$ 6,19","R$ 0,00","R$ 6,91"
Twilight Schism,Desconhecido,Desconhecido,Desconhecido,13,"R$ 10,95","R$ 4,05","R$ 0,00","R$ 6,90"
Wide Angle,Desconhecido,Desconhecido,Desconhecido,2,"R$ 7,00","R$ 0,10","R$ 0,00","R$ 6,90"
Seclusions of the Void (30 dias para envio GIFT),Desconhecido,Desconhecido,Desconhecido,1,"R$ 7,20","R$ 0,36","R$ 0,00","R$ 6,84"
Fortified Brew,Desconhecido,Desconhecido,Desconhecido,3,"R$ 7,32","R$ 0,49","R$ 0,00","R$ 6,83"
Inscribed Demon Eater - Head,Desconhecido,Desconhecido,Desconhecido,1,"R$ 6,70","R$ 0,00","R$ 0,00","R$ 6,70"
Smeevil's Penance,Desconhecido,Desconhecido,Desconhecido,12,"R$ 7,66","R$ 0,99","R$ 0,00","R$ 6,67"
Bellows of Creation,Desconhecido,Desconhecido,Desconhecido,7,"R$ 7,37","R$ 0,74","R$ 0,00","R$ 6,63"
Draining Wight,Desconhecido,Desconhecido,Desconhecido,5,"R$ 10,59","R$ 3,97","R$ 0,00","R$ 6,62"
Taunt: Dapper Duo,Desconhecido,Desconhecido,Desconhecido,5,"R$ 7,15","R$ 0,65","R$ 0,00","R$ 6,50"
Amusements of the Ageless Fae,Desconhecido,Desconhecido,Desconhecido,1,"R$ 7,20","R$ 0,73","R$ 0,00","R$ 6,47"
The Devotions of Dragonus - Shoulder,Desconhecido,Desconhecido,Desconhecido,4,"R$ 7,15","R$ 0,70","R$ 0,00","R$ 6,45"
Aktok's Domain,Desconhecido,Desconhecido,Desconhecido,5,"R$ 7,63","R$ 1,18","R$ 0,00","R$ 6,45"
The Devotions of Dragonus - Arms,Desconhecido,Desconhecido,Desconhecido,4,"R$ 7,22","R$ 0,80","R$ 0,00","R$ 6,42"
Autographed Orb of Deliverance,Desconhecido,Desconhecido,Desconhecido,1,"R$ 7,87","R$ 1,50","R$ 0,00","R$ 6,37"
Lineage Province of the Hunt Eternal,Desconhecido,Desconhecido,Desconhecido,3,"R$ 6,36","R$ 0,00","R$ 0,00","R$ 6,36"
Fortune's Tout,Desconhecido,Desconhecido,Desconhecido,7,"R$ 7,71","R$ 1,39","R$ 0,00","R$ 6,32"
Darkwater Dominion (30 dias para envio GIFT),Desconhecido,Desconhecido,Desconhecido,1,"R$ 6,30","R$ 0,00","R$ 0,00","R$ 6,30"
Insight of Forlorn Precipice (30 dias para envio GIFT),Desconhecido,Desconhecido,Desconhecido,1,"R$ 6,30","R$ 0,00","R$ 0,00","R$ 6,30"
Molten Bore (30 dias para envio GIFT),Desconhecido,Desconhecido,Desconhecido,1,"R$ 6,30","R$ 0,00","R$ 0,00","R$ 6,30"
Mantle of the Blackguard Magus,Desconhecido,Desconhecido,Desconhecido,1,"R$ 6,12","R$ 0,00","R$ 0,00","R$ 6,12"
Mask of Metira,Desconhecido,Desconhecido,Desconhecido,16,"R$ 7,34","R$ 1,22","R$ 0,00","R$ 6,12"
King Kringle Armor,Desconhecido,Desconhecido,Desconhecido,1,"R$ 6,14","R$ 0,06","R$ 0,00","R$ 6,08"
Portal,Desconhecido,Desconhecido,Desconhecido,1,"R$ 6,08","R$ 0,00","R$ 0,00","R$ 6,08"
Verdant Swarm,Desconhecido,Desconhecido,Desconhecido,8,"R$ 6,47","R$ 0,42","R$ 0,00","R$ 6,05"
Fortune of the Five Houses,Desconhecido,Desconhecido,Desconhecido,11,"R$ 6,41","R$ 0,37","R$ 0,00","R$ 6,04"
White Sentry,Desconhecido,Desconhecido,Desconhecido,2,"R$ 10,19","R$ 4,17","R$ 0,00","R$ 6,02"
The International 2016 Multikill Banner,Desconhecido,Desconhecido,Desconhecido,6,"R$ 6,80","R$ 0,80","R$ 0,00","R$ 6,00"
Golden Draca Mane,Desconhecido,Desconhecido,Desconhecido,10,"R$ 6,73","R$ 0,74","R$ 0,00","R$ 5,99"
Taunt: Fluid Mechanics,Desconhecido,Desconhecido,Desconhecido,10,"R$ 7,01","R$ 1,02","R$ 0,00","R$ 5,99"
Taunt: The Gold Dip,Desconhecido,Desconhecido,Desconhecido,4,"R$ 6,68","R$ 0,73","R$ 0,00","R$ 5,95"
Pachyderm Powderwagon Spoon,Desconhecido,Desconhecido,Desconhecido,2,"R$ 6,31","R$ 0,44","R$ 0,00","R$ 5,87"
Moon Griffon,Desconhecido,Desconhecido,Desconhecido,2,"R$ 5,80","R$ 0,00","R$ 0,00","R$ 5,80"
Hunger of the Howling Wilds Arms,Desconhecido,Desconhecido,Desconhecido,2,"R$ 7,50","R$ 1,74","R$ 0,00","R$ 5,76"
Genuine Frull,Desconhecido,Desconhecido,Desconhecido,1,"R$ 5,75","R$ 0,00","R$ 0,00","R$ 5,75"
Taunt: Heavenly Jump!,Desconhecido,Desconhecido,Desconhecido,4,"R$ 8,34","R$ 2,62","R$ 0,00","R$ 5,72"
Colossal Crystal Chorus,Desconhecido,Desconhecido,Desconhecido,1,"R$ 6,00","R$ 0,30","R$ 0,00","R$ 5,70"
Desert Burn Outfit,Desconhecido,Desconhecido,Desconhecido,1,"R$ 6,00","R$ 0,30","R$ 0,00","R$ 5,70"
Arcanic Resonance Beam,Desconhecido,Desconhecido,Desconhecido,14,"R$ 7,64","R$ 1,96","R$ 0,00","R$ 5,68"
The Rose of Ristul,Desconhecido,Desconhecido,Desconhecido,8,"R$ 8,36","R$ 2,69","R$ 0,00","R$ 5,67"
Exalted Call of the Bladeform Legacy,Desconhecido,Desconhecido,Desconhecido,4,"R$ 5,71","R$ 0,05","R$ 0,00","R$ 5,66"
Scale of Bitter Spoil,Desconhecido,Desconhecido,Desconhecido,12,"R$ 8,07","R$ 2,42","R$ 0,00","R$ 5,65"
Hearts of Misrule,Desconhecido,Desconhecido,Desconhecido,7,"R$ 8,35","R$ 2,75","R$ 0,00","R$ 5,60"
Inscribed Bloodstained Britches,Desconhecido,Desconhecido,Desconhecido,1,"R$ 5,54","R$ 0,00","R$ 0,00","R$ 5,54"
The Devotions of Dragonus - Head,Desconhecido,Desconhecido,Desconhecido,3,"R$ 5,51","R$ 0,04","R$ 0,00","R$ 5,47"
Pin: The International 2019 Attendee,Desconhecido,Desconhecido,Desconhecido,3,"R$ 7,25","R$ 1,78","R$ 0,00","R$ 5,47"
Temple Guardian - Arms,Desconhecido,Desconhecido,Desconhecido,1,"R$ 5,42","R$ 0,00","R$ 0,00","R$ 5,42"
Rabid Watchcog,Desconhecido,Desconhecido,Desconhecido,10,"R$ 6,26","R$ 0,86","R$ 0,00","R$ 5,40"
Huntling,Desconhecido,Desconhecido,Desconhecido,1,"R$ 5,40","R$ 0,00","R$ 0,00","R$ 5,40"
Inscribed Baneful Devotion,Desconhecido,Desconhecido,Desconhecido,2,"R$ 10,94","R$ 5,59","R$ 0,00","R$ 5,35"
Golden Eye of Ix'yxa,Desconhecido,Desconhecido,Desconhecido,4,"R$ 7,37","R$ 2,10","R$ 0,00","R$ 5,27"
Direstone,Desconhecido,Desconhecido,Desconhecido,1,"R$ 5,35","R$ 0,11","R$ 0,00","R$ 5,24"
Autographed Basher of Mage Skulls,Desconhecido,Desconhecido,Desconhecido,1,"R$ 5,31","R$ 0,11","R$ 0,00","R$ 5,20"
Autographed Mask of the Confidant,Desconhecido,Desconhecido,Desconhecido,1,"R$ 5,19","R$ 0,00","R$ 0,00","R$ 5,19"
Auspicious Recluse Reef Denizen,Desconhecido,Desconhecido,Desconhecido,1,"R$ 5,78","R$ 0,60","R$ 0,00","R$ 5,18"
The Devotions of Dragonus - Cursor Pack,Desconhecido,Desconhecido,Desconhecido,2,"R$ 5,22","R$ 0,05","R$ 0,00","R$ 5,17"
The Devotions of Dragonus - Belt,Desconhecido,Desconhecido,Desconhecido,4,"R$ 5,75","R$ 0,61","R$ 0,00","R$ 5,14"
Mask of the Forgotten Plane,Desconhecido,Desconhecido,Desconhecido,1,"R$ 5,13","R$ 0,00","R$ 0,00","R$ 5,13"
Butch,Desconhecido,Desconhecido,Desconhecido,8,"R$ 5,79","R$ 0,67","R$ 0,00","R$ 5,12"
Inscribed Primal Peacemaker,Desconhecido,Desconhecido,Desconhecido,3,"R$ 5,14","R$ 0,07","R$ 0,00","R$ 5,07"
Genuine Tolling Shadows,Desconhecido,Desconhecido,Desconhecido,1,"R$ 5,10","R$ 0,10","R$ 0,00","R$ 5,00"
Vigil Signet,Desconhecido,Desconhecido,Desconhecido,6,"R$ 56,06","R$ 51,08","R$ 0,00","R$ 4,98"
Flight of Epiphany,Desconhecido,Desconhecido,Desconhecido,10,"R$ 5,06","R$ 0,08","R$ 0,00","R$ 4,98"
Barding of Balaur - Ice Head,Desconhecido,Desconhecido,Desconhecido,1,"R$ 4,97","R$ 0,00","R$ 0,00","R$ 4,97"
Inscribed Eyes of Ardenok,Desconhecido,Desconhecido,Desconhecido,4,"R$ 5,17","R$ 0,24","R$ 0,00","R$ 4,93"
Wings of Imperium,Desconhecido,Desconhecido,Desconhecido,1,"R$ 4,90","R$ 0,00","R$ 0,00","R$ 4,90"
Shadow of the Dark Age,Desconhecido,Desconhecido,Desconhecido,12,"R$ 5,12","R$ 0,25","R$ 0,00","R$ 4,87"
Inscribed First of the Flood,Desconhecido,Desconhecido,Desconhecido,2,"R$ 4,90","R$ 0,04","R$ 0,00","R$ 4,86"
Hexgill the Lane Shark,Desconhecido,Desconhecido,Desconhecido,2,"R$ 4,83","R$ 0,00","R$ 0,00","R$ 4,83"
Silver Squall - Armor,Desconhecido,Desconhecido,Desconhecido,1,"R$ 4,83","R$ 0,00","R$ 0,00","R$ 4,83"
Sky-High Warship Wings,Desconhecido,Desconhecido,Desconhecido,1,"R$ 4,79","R$ 0,00","R$ 0,00","R$ 4,79"
Whispering Wings - Weapon,Desconhecido,Desconhecido,Desconhecido,2,"R$ 5,77","R$ 0,98","R$ 0,00","R$ 4,79"
Inscribed Crimson Pique,Desconhecido,Desconhecido,Desconhecido,1,"R$ 4,76","R$ 0,00","R$ 0,00","R$ 4,76"
Medium Frostmoot,Desconhecido,Desconhecido,Desconhecido,3,"R$ 4,97","R$ 0,25","R$ 0,00","R$ 4,72"
Bracers of Forlorn Precipice,Desconhecido,Desconhecido,Desconhecido,8,"R$ 4,72","R$ 0,04","R$ 0,00","R$ 4,68"
Babka the Bewitcher,Desconhecido,Desconhecido,Desconhecido,4,"R$ 4,71","R$ 0,03","R$ 0,00","R$ 4,68"
Lycosidae's Favor,Desconhecido,Desconhecido,Desconhecido,2,"R$ 5,00","R$ 0,34","R$ 0,00","R$ 4,66"
Awaleb's Trundleweed,Desconhecido,Desconhecido,Desconhecido,8,"R$ 4,68","R$ 0,02","R$ 0,00","R$ 4,66"
Inscribed White Sentry,Desconhecido,Desconhecido,Desconhecido,1,"R$ 4,66","R$ 0,00","R$ 0,00","R$ 4,66"
Goldhorn,Desconhecido,Desconhecido,Desconhecido,1,"R$ 4,65","R$ 0,00","R$ 0,00","R$ 4,65"
Taunt: For Death and Honor,Desconhecido,Desconhecido,Desconhecido,1,"R$ 6,08","R$ 1,46","R$ 0,00","R$ 4,62"
Inscribed Aspect of Oscilla,Desconhecido,Desconhecido,Desconhecido,4,"R$ 4,64","R$ 0,05","R$ 0,00","R$ 4,59"
Draconic Divide,Desconhecido,Desconhecido,Desconhecido,15,"R$ 5,25","R$ 0,70","R$ 0,00","R$ 4,55"
Taunt: More Than Mental Mass (30 dias para envio GIFT),Desconhecido,Desconhecido,Desconhecido,1,"R$ 4,50","R$ 0,00","R$ 0,00","R$ 4,50"
Bloodmayne Avenger,Desconhecido,Desconhecido,Desconhecido,10,"R$ 5,86","R$ 1,37","R$ 0,00","R$ 4,49"
Inscribed Span of Black Nihility,Desconhecido,Desconhecido,Desconhecido,1,"R$ 4,49","R$ 0,00","R$ 0,00","R$ 4,49"
Pachyderm Powderwagon Spleen,Desconhecido,Desconhecido,Desconhecido,2,"R$ 4,81","R$ 0,32","R$ 0,00","R$ 4,49"
Inscribed Emerald Subjugation,Desconhecido,Desconhecido,Desconhecido,3,"R$ 5,15","R$ 0,69","R$ 0,00","R$ 4,46"
Jewels of Anamnessa,Desconhecido,Desconhecido,Desconhecido,5,"R$ 4,44","R$ 0,00","R$ 0,00","R$ 4,44"
Havoc of the Hydra's Scorn,Desconhecido,Desconhecido,Desconhecido,2,"R$ 4,43","R$ 0,00","R$ 0,00","R$ 4,43"
Autographed Fireborn Odachi,Desconhecido,Desconhecido,Desconhecido,1,"R$ 4,43","R$ 0,00","R$ 0,00","R$ 4,43"
Tremor,Desconhecido,Desconhecido,Desconhecido,2,"R$ 4,49","R$ 0,08","R$ 0,00","R$ 4,41"
Taunt: More Than Mental Mass,Desconhecido,Desconhecido,Desconhecido,5,"R$ 4,47","R$ 0,08","R$ 0,00","R$ 4,39"
Taunt: All Sparkles n' Rainbows,Desconhecido,Desconhecido,Desconhecido,6,"R$ 5,52","R$ 1,14","R$ 0,00","R$ 4,38"
Raven Harvest,Desconhecido,Desconhecido,Desconhecido,3,"R$ 4,47","R$ 0,09","R$ 0,00","R$ 4,38"
Pachyderm Powderwagon Squee,Desconhecido,Desconhecido,Desconhecido,2,"R$ 4,61","R$ 0,32","R$ 0,00","R$ 4,29"
Inscribed Vigil Odyssey,Desconhecido,Desconhecido,Desconhecido,2,"R$ 4,44","R$ 0,16","R$ 0,00","R$ 4,28"
Aquemerald Blade,Desconhecido,Desconhecido,Desconhecido,1,"R$ 4,50","R$ 0,23","R$ 0,00","R$ 4,27"
Symbol of the King Restored,Desconhecido,Desconhecido,Desconhecido,1,"R$ 4,23","R$ 0,00","R$ 0,00","R$ 4,23"
Genuine Pin: The International 2019 Attendee,Desconhecido,Desconhecido,Desconhecido,1,"R$ 5,12","R$ 0,90","R$ 0,00","R$ 4,22"
Taunt: See Me Now,Desconhecido,Desconhecido,Desconhecido,4,"R$ 4,25","R$ 0,05","R$ 0,00","R$ 4,20"
Inscribed Emerald Conquest,Desconhecido,Desconhecido,Desconhecido,4,"R$ 5,50","R$ 1,31","R$ 0,00","R$ 4,19"
Exalted Bladeform Legacy - Mask,Desconhecido,Desconhecido,Desconhecido,2,"R$ 4,27","R$ 0,08","R$ 0,00","R$ 4,19"
Taunt: Chicken!,Desconhecido,Desconhecido,Desconhecido,6,"R$ 6,18","R$ 2,00","R$ 0,00","R$ 4,18"
Spooly,Desconhecido,Desconhecido,Desconhecido,5,"R$ 4,83","R$ 0,65","R$ 0,00","R$ 4,18"
Inscribed Wyrmwrought Flare,Desconhecido,Desconhecido,Desconhecido,1,"R$ 4,21","R$ 0,08","R$ 0,00","R$ 4,13"
Small Frostmoot,Desconhecido,Desconhecido,Desconhecido,3,"R$ 4,28","R$ 0,16","R$ 0,00","R$ 4,12"
Wraith of the Red Sands,Desconhecido,Desconhecido,Desconhecido,2,"R$ 4,18","R$ 0,08","R$ 0,00","R$ 4,10"
Fluttering Breeze - Bow,Desconhecido,Desconhecido,Desconhecido,2,"R$ 4,14","R$ 0,04","R$ 0,00","R$ 4,10"
SLTV Star Series X HUD,Desconhecido,Desconhecido,Desconhecido,2,"R$ 4,08","R$ 0,00","R$ 0,00","R$ 4,08"
Taunt: Mag Power!,Desconhecido,Desconhecido,Desconhecido,3,"R$ 4,07","R$ 0,00","R$ 0,00","R$ 4,07"
Grimsneer,Desconhecido,Desconhecido,Desconhecido,1,"R$ 4,05","R$ 0,00","R$ 0,00","R$ 4,05"
Inscribed Blackened Edge of the Bladekeeper,Desconhecido,Desconhecido,Desconhecido,1,"R$ 4,04","R$ 0,00","R$ 0,00","R$ 4,04"
Autographed Tines of Tybara,Desconhecido,Desconhecido,Desconhecido,1,"R$ 12,74","R$ 8,70","R$ 0,00","R$ 4,04"
Oni Magi - Belt,Desconhecido,Desconhecido,Desconhecido,3,"R$ 3,99","R$ 0,00","R$ 0,00","R$ 3,99"
Mask of Mortis,Desconhecido,Desconhecido,Desconhecido,18,"R$ 4,70","R$ 0,74","R$ 0,00","R$ 3,96"
Pachyderm Powderwagon Remote Mine,Desconhecido,Desconhecido,Desconhecido,1,"R$ 3,96","R$ 0,00","R$ 0,00","R$ 3,96"
Tormented Crown,Desconhecido,Desconhecido,Desconhecido,14,"R$ 4,40","R$ 0,45","R$ 0,00","R$ 3,95"
Sagas of the Cymurrin Sage,Desconhecido,Desconhecido,Desconhecido,10,"R$ 5,70","R$ 1,76","R$ 0,00","R$ 3,94"
Orb of Reminiscence,Desconhecido,Desconhecido,Desconhecido,1,"R$ 3,93","R$ 0,00","R$ 0,00","R$ 3,93"
Aktok's Armor,Desconhecido,Desconhecido,Desconhecido,6,"R$ 4,37","R$ 0,45","R$ 0,00","R$ 3,92"
Radiant Conqueror Arms,Desconhecido,Desconhecido,Desconhecido,1,"R$ 5,73","R$ 1,87","R$ 0,00","R$ 3,86"
Rectifier,Desconhecido,Desconhecido,Desconhecido,8,"R$ 4,44","R$ 0,61","R$ 0,00","R$ 3,83"
Aghanim's Basher,Desconhecido,Desconhecido,Desconhecido,1,"R$ 4,97","R$ 1,15","R$ 0,00","R$ 3,82"
Autographed Offhand Basher of Mage Skulls,Desconhecido,Desconhecido,Desconhecido,1,"R$ 4,42","R$ 0,60","R$ 0,00","R$ 3,82"
Autographed Staff of Gun-Yu,Desconhecido,Desconhecido,Desconhecido,2,"R$ 3,83","R$ 0,03","R$ 0,00","R$ 3,80"
Taunt: Cold Hearted!,Desconhecido,Desconhecido,Desconhecido,9,"R$ 3,94","R$ 0,15","R$ 0,00","R$ 3,79"
Tome of Infinite Terror,Desconhecido,Desconhecido,Desconhecido,5,"R$ 3,76","R$ 0,01","R$ 0,00","R$ 3,75"
Dreadmist Dragoon - Head,Desconhecido,Desconhecido,Desconhecido,1,"R$ 3,74","R$ 0,00","R$ 0,00","R$ 3,74"
Aktok's Emissaries,Desconhecido,Desconhecido,Desconhecido,5,"R$ 4,25","R$ 0,53","R$ 0,00","R$ 3,72"
Silver Squall - Weapon,Desconhecido,Desconhecido,Desconhecido,1,"R$ 3,69","R$ 0,00","R$ 0,00","R$ 3,69"
Inscribed Virga's Arc,Desconhecido,Desconhecido,Desconhecido,1,"R$ 3,68","R$ 0,00","R$ 0,00","R$ 3,68"
Latticean Hierarchy,Desconhecido,Desconhecido,Desconhecido,13,"R$ 4,11","R$ 0,44","R$ 0,00","R$ 3,67"
Bloodbird's Lament,Desconhecido,Desconhecido,Desconhecido,2,"R$ 3,61","R$ 0,00","R$ 0,00","R$ 3,61"
Taunt: Exterminated,Desconhecido,Desconhecido,Desconhecido,6,"R$ 5,57","R$ 1,96","R$ 0,00","R$ 3,61"
Taunt: Ghostriding,Desconhecido,Desconhecido,Desconhecido,1,"R$ 3,60","R$ 0,00","R$ 0,00","R$ 3,60"
Silver Squall - Head,Desconhecido,Desconhecido,Desconhecido,1,"R$ 3,60","R$ 0,00","R$ 0,00","R$ 3,60"
Inscribed Fortune's Tout,Desconhecido,Desconhecido,Desconhecido,3,"R$ 3,58","R$ 0,02","R$ 0,00","R$ 3,56"
Gloombob,Desconhecido,Desconhecido,Desconhecido,7,"R$ 5,06","R$ 1,51","R$ 0,00","R$ 3,55"
Taunt: Orderly Chaos,Desconhecido,Desconhecido,Desconhecido,5,"R$ 5,08","R$ 1,56","R$ 0,00","R$ 3,52"
Infused Wings of Unfettered Malevolence,Desconhecido,Desconhecido,Desconhecido,1,"R$ 3,56","R$ 0,07","R$ 0,00","R$ 3,49"
Inscribed Iceflight Edifice,Desconhecido,Desconhecido,Desconhecido,1,"R$ 3,49","R$ 0,00","R$ 0,00","R$ 3,49"
Taunt: Do the Robot!,Desconhecido,Desconhecido,Desconhecido,5,"R$ 4,66","R$ 1,18","R$ 0,00","R$ 3,48"
Serac the Seal,Desconhecido,Desconhecido,Desconhecido,1,"R$ 3,58","R$ 0,10","R$ 0,00","R$ 3,48"
Legacy of a Lost Age - Stegaboar,Desconhecido,Desconhecido,Desconhecido,1,"R$ 3,46","R$ 0,00","R$ 0,00","R$ 3,46"
B.U.S.T.E.R,Desconhecido,Desconhecido,Desconhecido,7,"R$ 4,43","R$ 0,98","R$ 0,00","R$ 3,45"
Staff of the Rambling Fatebender,Desconhecido,Desconhecido,Desconhecido,2,"R$ 5,70","R$ 2,27","R$ 0,00","R$ 3,43"
Eye of Omoz,Desconhecido,Desconhecido,Desconhecido,1,"R$ 3,60","R$ 0,18","R$ 0,00","R$ 3,42"
Span of Black Nihility,Desconhecido,Desconhecido,Desconhecido,1,"R$ 3,60","R$ 0,18","R$ 0,00","R$ 3,42"
Heavy Tenderizer,Desconhecido,Desconhecido,Desconhecido,1,"R$ 3,38","R$ 0,00","R$ 0,00","R$ 3,38"
Inscribed Maraxiform's Fate,Desconhecido,Desconhecido,Desconhecido,2,"R$ 3,37","R$ 0,00","R$ 0,00","R$ 3,37"
Paragon's Poise,Desconhecido,Desconhecido,Desconhecido,2,"R$ 3,36","R$ 0,00","R$ 0,00","R$ 3,36"
Wrap of the Shifting Sorcerer,Desconhecido,Desconhecido,Desconhecido,1,"R$ 3,51","R$ 0,18","R$ 0,00","R$ 3,33"
Algid Legacy,Desconhecido,Desconhecido,Desconhecido,2,"R$ 3,42","R$ 0,09","R$ 0,00","R$ 3,33"
Hunger of the Howling Wilds Head,Desconhecido,Desconhecido,Desconhecido,2,"R$ 3,91","R$ 0,60","R$ 0,00","R$ 3,31"
Whisper at the Temple Gates,Desconhecido,Desconhecido,Desconhecido,1,"R$ 3,30","R$ 0,00","R$ 0,00","R$ 3,30"
Acid Hydra Cursor Pack,Desconhecido,Desconhecido,Desconhecido,3,"R$ 3,36","R$ 0,07","R$ 0,00","R$ 3,29"
Victorious Fighting Scoundrel,Desconhecido,Desconhecido,Desconhecido,2,"R$ 8,98","R$ 5,69","R$ 0,00","R$ 3,29"
Oaths of the Dragonborn Wing,Desconhecido,Desconhecido,Desconhecido,1,"R$ 3,24","R$ 0,00","R$ 0,00","R$ 3,24"
Tail of the Equilibrium,Desconhecido,Desconhecido,Desconhecido,1,"R$ 3,23","R$ 0,00","R$ 0,00","R$ 3,23"
Crown of the Condor - Back,Desconhecido,Desconhecido,Desconhecido,2,"R$ 3,21","R$ 0,00","R$ 0,00","R$ 3,21"
Snotty,Desconhecido,Desconhecido,Desconhecido,6,"R$ 3,24","R$ 0,04","R$ 0,00","R$ 3,20"
Assassin's Edge,Desconhecido,Desconhecido,Desconhecido,8,"R$ 3,40","R$ 0,21","R$ 0,00","R$ 3,19"
Roost of the Winter Raven - Weapon,Desconhecido,Desconhecido,Desconhecido,1,"R$ 3,15","R$ 0,00","R$ 0,00","R$ 3,15"
Heir of Menace Shoulder,Desconhecido,Desconhecido,Desconhecido,1,"R$ 3,15","R$ 0,00","R$ 0,00","R$ 3,15"
Fetters of Omniscience of the Crimson Witness,Desconhecido,Desconhecido,Desconhecido,2,"R$ 3,10","R$ 0,00","R$ 0,00","R$ 3,10"
Taunt: Harsh Critique,Desconhecido,Desconhecido,Desconhecido,3,"R$ 3,10","R$ 0,03","R$ 0,00","R$ 3,07"
Heir of Menace Armor,Desconhecido,Desconhecido,Desconhecido,1,"R$ 3,06","R$ 0,00","R$ 0,00","R$ 3,06"
Announcer: The Stanley Parable,Desconhecido,Desconhecido,Desconhecido,1,"R$ 3,05","R$ 0,00","R$ 0,00","R$ 3,05"
Weapon of the Forgotten Plane,Desconhecido,Desconhecido,Desconhecido,2,"R$ 3,04","R$ 0,00","R$ 0,00","R$ 3,04"
Taunt: Do a Barrel Roll!,Desconhecido,Desconhecido,Desconhecido,4,"R$ 3,06","R$ 0,05","R$ 0,00","R$ 3,01"
Inscribed The Order of Cyprin,Desconhecido,Desconhecido,Desconhecido,2,"R$ 3,04","R$ 0,03","R$ 0,00","R$ 3,01"
Gold Vasilisa Talent Sticker - TI 2025,Desconhecido,Desconhecido,Desconhecido,1,"R$ 3,01","R$ 0,00","R$ 0,00","R$ 3,01"
Floe's Tower Ward,Desconhecido,Desconhecido,Desconhecido,2,"R$ 3,07","R$ 0,07","R$ 0,00","R$ 3,00"
Rampant Outrage,Desconhecido,Desconhecido,Desconhecido,4,"R$ 3,70","R$ 0,71","R$ 0,00","R$ 2,99"
Vise of Creation,Desconhecido,Desconhecido,Desconhecido,6,"R$ 3,03","R$ 0,04","R$ 0,00","R$ 2,99"
Span of the Temple of the Fallen Sun,Desconhecido,Desconhecido,Desconhecido,1,"R$ 2,97","R$ 0,00","R$ 0,00","R$ 2,97"
Stuntwood Symbiont,Desconhecido,Desconhecido,Desconhecido,6,"R$ 4,08","R$ 1,14","R$ 0,00","R$ 2,94"
Thundergod's Bare Chest,Desconhecido,Desconhecido,Desconhecido,3,"R$ 3,90","R$ 0,99","R$ 0,00","R$ 2,91"
Taunt: Backstroke!,Desconhecido,Desconhecido,Desconhecido,5,"R$ 3,95","R$ 1,05","R$ 0,00","R$ 2,90"
Treasure Upgrade Infuser - Winter 2016,Desconhecido,Desconhecido,Desconhecido,1,"R$ 3,26","R$ 0,38","R$ 0,00","R$ 2,88"
Crownfall Treasure II,Desconhecido,Desconhecido,Desconhecido,1,"R$ 2,87","R$ 0,00","R$ 0,00","R$ 2,87"
Taunt: Bristlebeat Breakdown,Desconhecido,Desconhecido,Desconhecido,5,"R$ 2,86","R$ 0,02","R$ 0,00","R$ 2,84"
Chalice of Ix'yxa,Desconhecido,Desconhecido,Desconhecido,5,"R$ 2,86","R$ 0,04","R$ 0,00","R$ 2,82"
Maraxiform's Fallen,Desconhecido,Desconhecido,Desconhecido,7,"R$ 3,97","R$ 1,16","R$ 0,00","R$ 2,81"
Ghastly Nocturne,Desconhecido,Desconhecido,Desconhecido,7,"R$ 3,84","R$ 1,04","R$ 0,00","R$ 2,80"
Inscribed Judgement of the Fallen,Desconhecido,Desconhecido,Desconhecido,1,"R$ 2,85","R$ 0,06","R$ 0,00","R$ 2,79"
Potion Potentate,Desconhecido,Desconhecido,Desconhecido,4,"R$ 2,79","R$ 0,01","R$ 0,00","R$ 2,78"
Genuine DAC 2015 Mirana Cursor Pack,Desconhecido,Desconhecido,Desconhecido,2,"R$ 2,78","R$ 0,00","R$ 0,00","R$ 2,78"
Effigy Block of The International 2016,Desconhecido,Desconhecido,Desconhecido,1,"R$ 2,77","R$ 0,00","R$ 0,00","R$ 2,77"
Hide of the Crystal Drift,Desconhecido,Desconhecido,Desconhecido,3,"R$ 2,85","R$ 0,10","R$ 0,00","R$ 2,75"
Aurora's Pyre,Desconhecido,Desconhecido,Desconhecido,2,"R$ 2,74","R$ 0,00","R$ 0,00","R$ 2,74"
Taunt: Unhidden Talents,Desconhecido,Desconhecido,Desconhecido,3,"R$ 3,42","R$ 0,68","R$ 0,00","R$ 2,74"
Heroes Within Music Pack,Desconhecido,Desconhecido,Desconhecido,2,"R$ 3,05","R$ 0,33","R$ 0,00","R$ 2,72"
Prophecies of Pavo,Desconhecido,Desconhecido,Desconhecido,1,"R$ 2,71","R$ 0,00","R$ 0,00","R$ 2,71"
Whispers of the Damned Pauldrons,Desconhecido,Desconhecido,Desconhecido,1,"R$ 2,70","R$ 0,00","R$ 0,00","R$ 2,70"
Attunements of the Ornate,Desconhecido,Desconhecido,Desconhecido,2,"R$ 2,70","R$ 0,00","R$ 0,00","R$ 2,70"
King Kringle Shoulder,Desconhecido,Desconhecido,Desconhecido,1,"R$ 2,70","R$ 0,03","R$ 0,00","R$ 2,67"
Pachyderm Powderwagon Sign,Desconhecido,Desconhecido,Desconhecido,2,"R$ 2,88","R$ 0,21","R$ 0,00","R$ 2,67"
Ghillied Gunman Sniper Rifle,Desconhecido,Desconhecido,Desconhecido,2,"R$ 2,66","R$ 0,00","R$ 0,00","R$ 2,66"
Taunt: Pop the Question,Desconhecido,Desconhecido,Desconhecido,3,"R$ 2,70","R$ 0,05","R$ 0,00","R$ 2,65"
Inscribed Blastforge Exhaler,Desconhecido,Desconhecido,Desconhecido,1,"R$ 2,67","R$ 0,03","R$ 0,00","R$ 2,64"
Taunt:  Pleasant Distraction,Desconhecido,Desconhecido,Desconhecido,4,"R$ 3,04","R$ 0,40","R$ 0,00","R$ 2,64"
Blade of Prismatic Grace,Desconhecido,Desconhecido,Desconhecido,1,"R$ 2,62","R$ 0,00","R$ 0,00","R$ 2,62"
Lycosidae's Spiderling,Desconhecido,Desconhecido,Desconhecido,5,"R$ 3,27","R$ 0,66","R$ 0,00","R$ 2,61"
Whispering Wings - Shoulder,Desconhecido,Desconhecido,Desconhecido,2,"R$ 3,16","R$ 0,56","R$ 0,00","R$ 2,60"
Inscribed Maraxiform's Ire,Desconhecido,Desconhecido,Desconhecido,2,"R$ 2,60","R$ 0,00","R$ 0,00","R$ 2,60"
Mercurial's Call,Desconhecido,Desconhecido,Desconhecido,4,"R$ 2,69","R$ 0,09","R$ 0,00","R$ 2,60"
Infused Diadem of the Elder Myth,Desconhecido,Desconhecido,Desconhecido,1,"R$ 2,64","R$ 0,05","R$ 0,00","R$ 2,59"
Taunt: Cat Wrangler,Desconhecido,Desconhecido,Desconhecido,4,"R$ 3,56","R$ 1,00","R$ 0,00","R$ 2,56"
Bladeform Legacy - Mask,Desconhecido,Desconhecido,Desconhecido,1,"R$ 2,52","R$ 0,00","R$ 0,00","R$ 2,52"
Master Chocobo,Desconhecido,Desconhecido,Desconhecido,1,"R$ 2,52","R$ 0,00","R$ 0,00","R$ 2,52"
Helm of the Winged Sentinel,Desconhecido,Desconhecido,Desconhecido,4,"R$ 3,23","R$ 0,71","R$ 0,00","R$ 2,52"
Pale Edge,Desconhecido,Desconhecido,Desconhecido,1,"R$ 13,95","R$ 11,45","R$ 0,00","R$ 2,50"
Molten Bore,Desconhecido,Desconhecido,Desconhecido,4,"R$ 2,76","R$ 0,28","R$ 0,00","R$ 2,48"
Inscribed The Barren Vector,Desconhecido,Desconhecido,Desconhecido,1,"R$ 2,48","R$ 0,00","R$ 0,00","R$ 2,48"
Belt of the King Restored,Desconhecido,Desconhecido,Desconhecido,2,"R$ 4,00","R$ 1,52","R$ 0,00","R$ 2,48"
Inscribed Slumbering Terror,Desconhecido,Desconhecido,Desconhecido,1,"R$ 2,49","R$ 0,02","R$ 0,00","R$ 2,47"
Taunt: Advanced Bladework,Desconhecido,Desconhecido,Desconhecido,1,"R$ 2,47","R$ 0,00","R$ 0,00","R$ 2,47"
Prominence,Desconhecido,Desconhecido,Desconhecido,9,"R$ 2,53","R$ 0,07","R$ 0,00","R$ 2,46"
Taunt: Creep Creations,Desconhecido,Desconhecido,Desconhecido,4,"R$ 3,45","R$ 1,00","R$ 0,00","R$ 2,45"
Golden Sullen Strands,Desconhecido,Desconhecido,Desconhecido,3,"R$ 3,01","R$ 0,59","R$ 0,00","R$ 2,42"
Infused Helm of the Dark Moon Stalkerl,Desconhecido,Desconhecido,Desconhecido,1,"R$ 37,96","R$ 35,54","R$ 0,00","R$ 2,42"
Blood Raven,Desconhecido,Desconhecido,Desconhecido,4,"R$ 2,41","R$ 0,00","R$ 0,00","R$ 2,41"
Scarlet Quarry,Desconhecido,Desconhecido,Desconhecido,1,"R$ 2,41","R$ 0,00","R$ 0,00","R$ 2,41"
Discipline of the Dark Star Head,Desconhecido,Desconhecido,Desconhecido,1,"R$ 2,40","R$ 0,00","R$ 0,00","R$ 2,40"
Cape of Zebulon,Desconhecido,Desconhecido,Desconhecido,1,"R$ 2,39","R$ 0,00","R$ 0,00","R$ 2,39"
Genuine Dota 2 Asia Championship HUD,Desconhecido,Desconhecido,Desconhecido,3,"R$ 2,46","R$ 0,07","R$ 0,00","R$ 2,39"
Pantaloons of the Bladekeeper,Desconhecido,Desconhecido,Desconhecido,2,"R$ 2,43","R$ 0,05","R$ 0,00","R$ 2,38"
Taunt: The Inner Dark,Desconhecido,Desconhecido,Desconhecido,2,"R$ 2,47","R$ 0,09","R$ 0,00","R$ 2,38"
Head of the Forlorn Maze,Desconhecido,Desconhecido,Desconhecido,1,"R$ 2,38","R$ 0,00","R$ 0,00","R$ 2,38"
Inscribed Span of Sorrow,Desconhecido,Desconhecido,Desconhecido,2,"R$ 3,16","R$ 0,80","R$ 0,00","R$ 2,36"
Inscribed Arc of Manta,Desconhecido,Desconhecido,Desconhecido,1,"R$ 2,36","R$ 0,00","R$ 0,00","R$ 2,36"
Lycosidae's Brood,Desconhecido,Desconhecido,Desconhecido,2,"R$ 2,60","R$ 0,26","R$ 0,00","R$ 2,34"
Inscribed Draining Wight,Desconhecido,Desconhecido,Desconhecido,2,"R$ 2,34","R$ 0,00","R$ 0,00","R$ 2,34"
Virga's Arc,Desconhecido,Desconhecido,Desconhecido,3,"R$ 7,61","R$ 5,29","R$ 0,00","R$ 2,32"
Pike of the Sunken Gaoler,Desconhecido,Desconhecido,Desconhecido,2,"R$ 2,34","R$ 0,03","R$ 0,00","R$ 2,31"
Taunt: Xylobones,Desconhecido,Desconhecido,Desconhecido,5,"R$ 3,31","R$ 1,01","R$ 0,00","R$ 2,30"
Inscribed Rampant Outrage,Desconhecido,Desconhecido,Desconhecido,4,"R$ 3,86","R$ 1,57","R$ 0,00","R$ 2,29"
Shield of Eternal Night,Desconhecido,Desconhecido,Desconhecido,1,"R$ 2,29","R$ 0,00","R$ 0,00","R$ 2,29"
Snows of Frostivus,Desconhecido,Desconhecido,Desconhecido,2,"R$ 2,30","R$ 0,03","R$ 0,00","R$ 2,27"
Inscribed Progenitor's Bane,Desconhecido,Desconhecido,Desconhecido,1,"R$ 2,31","R$ 0,05","R$ 0,00","R$ 2,26"
Classic Pin: Clockwerk,Desconhecido,Desconhecido,Desconhecido,1,"R$ 2,25","R$ 0,00","R$ 0,00","R$ 2,25"
Nefarious Fixations,Desconhecido,Desconhecido,Desconhecido,7,"R$ 2,85","R$ 0,60","R$ 0,00","R$ 2,25"
Eternal Icebreaker,Desconhecido,Desconhecido,Desconhecido,3,"R$ 2,22","R$ 0,00","R$ 0,00","R$ 2,22"
Club of the Igneous Stone,Desconhecido,Desconhecido,Desconhecido,2,"R$ 2,24","R$ 0,03","R$ 0,00","R$ 2,21"
Glitter NatTea Talent Sticker - TI 2024,Desconhecido,Desconhecido,Desconhecido,1,"R$ 2,21","R$ 0,00","R$ 0,00","R$ 2,21"
Inscribed Profane Union,Desconhecido,Desconhecido,Desconhecido,1,"R$ 2,23","R$ 0,04","R$ 0,00","R$ 2,19"
Discipline of the Dark Star Weapon,Desconhecido,Desconhecido,Desconhecido,1,"R$ 2,16","R$ 0,00","R$ 0,00","R$ 2,16"
The Summit 3 HUD,Desconhecido,Desconhecido,Desconhecido,1,"R$ 2,69","R$ 0,55","R$ 0,00","R$ 2,14"
Familiars of Glorious Inspiration,Desconhecido,Desconhecido,Desconhecido,1,"R$ 2,25","R$ 0,11","R$ 0,00","R$ 2,14"
Divinations of the Nothl Haze,Desconhecido,Desconhecido,Desconhecido,1,"R$ 2,11","R$ 0,00","R$ 0,00","R$ 2,11"
Flock of Avilliva - Head,Desconhecido,Desconhecido,Desconhecido,1,"R$ 2,10","R$ 0,00","R$ 0,00","R$ 2,10"
Taunt: Soured Relationship,Desconhecido,Desconhecido,Desconhecido,3,"R$ 2,13","R$ 0,03","R$ 0,00","R$ 2,10"
Inscribed Peregrine Flight,Desconhecido,Desconhecido,Desconhecido,1,"R$ 5,42","R$ 3,33","R$ 0,00","R$ 2,09"
Point of Vile Convocation,Desconhecido,Desconhecido,Desconhecido,1,"R$ 2,09","R$ 0,00","R$ 0,00","R$ 2,09"
The International 2015 Cursor Pack,Desconhecido,Desconhecido,Desconhecido,4,"R$ 3,02","R$ 0,93","R$ 0,00","R$ 2,09"
Taunt: Ogre Hop,Desconhecido,Desconhecido,Desconhecido,5,"R$ 3,25","R$ 1,18","R$ 0,00","R$ 2,07"
Savager's Serum,Desconhecido,Desconhecido,Desconhecido,7,"R$ 2,33","R$ 0,28","R$ 0,00","R$ 2,05"
Inscribed Awaleb's Trundleweed,Desconhecido,Desconhecido,Desconhecido,2,"R$ 2,05","R$ 0,00","R$ 0,00","R$ 2,05"
Inscribed Dread Requisition,Desconhecido,Desconhecido,Desconhecido,2,"R$ 2,04","R$ 0,00","R$ 0,00","R$ 2,04"
Silver Squall - Costume,Desconhecido,Desconhecido,Desconhecido,1,"R$ 2,02","R$ 0,00","R$ 0,00","R$ 2,02"
Raven of Ristul,Desconhecido,Desconhecido,Desconhecido,3,"R$ 2,08","R$ 0,06","R$ 0,00","R$ 2,02"
Black Ice Constellation,Desconhecido,Desconhecido,Desconhecido,1,"R$ 2,02","R$ 0,00","R$ 0,00","R$ 2,02"
Keeper of the Nether-Lens,Desconhecido,Desconhecido,Desconhecido,3,"R$ 2,02","R$ 0,01","R$ 0,00","R$ 2,01"
Sky-High Warship Helmet,Desconhecido,Desconhecido,Desconhecido,1,"R$ 2,01","R$ 0,00","R$ 0,00","R$ 2,01"
Hymn of the Pious Plague,Desconhecido,Desconhecido,Desconhecido,1,"R$ 2,12","R$ 0,11","R$ 0,00","R$ 2,01"
Mark of the First Hunt,Desconhecido,Desconhecido,Desconhecido,1,"R$ 2,00","R$ 0,00","R$ 0,00","R$ 2,00"
compre um andrei pra você,Desconhecido,Desconhecido,Desconhecido,2,"R$ 2,00","R$ 0,00","R$ 0,00","R$ 2,00"
Sullen Sanctum,Desconhecido,Desconhecido,Desconhecido,3,"R$ 2,30","R$ 0,31","R$ 0,00","R$ 1,99"
Pudge's Bare Arm,Desconhecido,Desconhecido,Desconhecido,3,"R$ 2,43","R$ 0,44","R$ 0,00","R$ 1,99"
Barding of Balaur - Tail,Desconhecido,Desconhecido,Desconhecido,1,"R$ 2,03","R$ 0,04","R$ 0,00","R$ 1,99"
Exalted Voice of Flockheart's Gamble,Desconhecido,Desconhecido,Desconhecido,1,"R$ 1,99","R$ 0,00","R$ 0,00","R$ 1,99"
Inscribed Searing Dominator,Desconhecido,Desconhecido,Desconhecido,3,"R$ 2,10","R$ 0,12","R$ 0,00","R$ 1,98"
Lineage Broken Scale,Desconhecido,Desconhecido,Desconhecido,1,"R$ 1,98","R$ 0,00","R$ 0,00","R$ 1,98"
Frostglade Familiar,Desconhecido,Desconhecido,Desconhecido,1,"R$ 1,98","R$ 0,00","R$ 0,00","R$ 1,98"
Aedrons Talent Sticker - TI 2022,Desconhecido,Desconhecido,Desconhecido,1,"R$ 1,98","R$ 0,00","R$ 0,00","R$ 1,98"
Oni Magi - Head,Desconhecido,Desconhecido,Desconhecido,2,"R$ 1,96","R$ 0,00","R$ 0,00","R$ 1,96"
Three Virtues,Desconhecido,Desconhecido,Desconhecido,2,"R$ 1,98","R$ 0,03","R$ 0,00","R$ 1,95"
Draca Mane,Desconhecido,Desconhecido,Desconhecido,11,"R$ 2,32","R$ 0,38","R$ 0,00","R$ 1,94"
Mohawk of the Proven,Desconhecido,Desconhecido,Desconhecido,1,"R$ 1,93","R$ 0,00","R$ 0,00","R$ 1,93"
Owlwatch Commander,Desconhecido,Desconhecido,Desconhecido,2,"R$ 3,65","R$ 1,72","R$ 0,00","R$ 1,93"
Crimsonwing Slayer,Desconhecido,Desconhecido,Desconhecido,1,"R$ 1,96","R$ 0,05","R$ 0,00","R$ 1,91"
Antipode Couriers,Desconhecido,Desconhecido,Desconhecido,1,"R$ 1,90","R$ 0,00","R$ 0,00","R$ 1,90"
Redpaw,Desconhecido,Desconhecido,Desconhecido,2,"R$ 2,21","R$ 0,33","R$ 0,00","R$ 1,88"
Lineage Anvil of the Earthwright,Desconhecido,Desconhecido,Desconhecido,1,"R$ 1,86","R$ 0,00","R$ 0,00","R$ 1,86"
Taunt: Party Monster,Desconhecido,Desconhecido,Desconhecido,3,"R$ 2,70","R$ 0,84","R$ 0,00","R$ 1,86"
Inscribed Adoring Wingfall,Desconhecido,Desconhecido,Desconhecido,1,"R$ 1,89","R$ 0,04","R$ 0,00","R$ 1,85"
Pholi the Squire,Desconhecido,Desconhecido,Desconhecido,5,"R$ 4,50","R$ 2,66","R$ 0,00","R$ 1,84"
Lineage Mask of the Hunt Eternal,Desconhecido,Desconhecido,Desconhecido,1,"R$ 1,86","R$ 0,04","R$ 0,00","R$ 1,82"
All-Seeing Eye Dogs,Desconhecido,Desconhecido,Desconhecido,6,"R$ 1,86","R$ 0,04","R$ 0,00","R$ 1,82"
Genuine Dendi Doll,Desconhecido,Desconhecido,Desconhecido,3,"R$ 2,54","R$ 0,72","R$ 0,00","R$ 1,82"
Swamp Terror,Desconhecido,Desconhecido,Desconhecido,1,"R$ 1,80","R$ 0,00","R$ 0,00","R$ 1,80"
Pauldron Perch,Desconhecido,Desconhecido,Desconhecido,1,"R$ 1,80","R$ 0,00","R$ 0,00","R$ 1,80"
Taunt: The King Doesn't Walk%2C He Rules,Desconhecido,Desconhecido,Desconhecido,1,"R$ 1,80","R$ 0,00","R$ 0,00","R$ 1,80"
Aberrant Observer - Offhand,Desconhecido,Desconhecido,Desconhecido,1,"R$ 1,82","R$ 0,04","R$ 0,00","R$ 1,78"
MLG Scalehound,Desconhecido,Desconhecido,Desconhecido,2,"R$ 2,12","R$ 0,35","R$ 0,00","R$ 1,77"
Seismic Berserker Club,Desconhecido,Desconhecido,Desconhecido,2,"R$ 1,76","R$ 0,00","R$ 0,00","R$ 1,76"
The Corruption of Nezzureem,Desconhecido,Desconhecido,Desconhecido,1,"R$ 2,04","R$ 0,28","R$ 0,00","R$ 1,76"
Fluttering Breeze - Back,Desconhecido,Desconhecido,Desconhecido,1,"R$ 1,75","R$ 0,00","R$ 0,00","R$ 1,75"
Taunt: Selemene Leap!,Desconhecido,Desconhecido,Desconhecido,3,"R$ 2,11","R$ 0,38","R$ 0,00","R$ 1,73"
Dendi Doll,Desconhecido,Desconhecido,Desconhecido,2,"R$ 3,60","R$ 1,89","R$ 0,00","R$ 1,71"
Conspicuous Culprit Mohawk,Desconhecido,Desconhecido,Desconhecido,1,"R$ 1,71","R$ 0,00","R$ 0,00","R$ 1,71"
Taunt: Troll's Groove!,Desconhecido,Desconhecido,Desconhecido,3,"R$ 2,72","R$ 1,01","R$ 0,00","R$ 1,71"
Heroic Effigy of Winter 2016 Level 3,Desconhecido,Desconhecido,Desconhecido,1,"R$ 1,80","R$ 0,09","R$ 0,00","R$ 1,71"
Heir of Menace Back,Desconhecido,Desconhecido,Desconhecido,1,"R$ 1,71","R$ 0,00","R$ 0,00","R$ 1,71"
Twilight Effigy,Desconhecido,Desconhecido,Desconhecido,1,"R$ 1,71","R$ 0,00","R$ 0,00","R$ 1,71"
Taunt: Beat Master,Desconhecido,Desconhecido,Desconhecido,7,"R$ 2,05","R$ 0,38","R$ 0,00","R$ 1,67"
Spring Lineage Relics of Glorious Inspiration,Desconhecido,Desconhecido,Desconhecido,1,"R$ 1,67","R$ 0,00","R$ 0,00","R$ 1,67"
Taunt: The Magic Ends Here,Desconhecido,Desconhecido,Desconhecido,3,"R$ 1,71","R$ 0,04","R$ 0,00","R$ 1,67"
Inscribed Zeal of Omoz Arkosh,Desconhecido,Desconhecido,Desconhecido,3,"R$ 3,52","R$ 1,88","R$ 0,00","R$ 1,64"
Ephey Autograph Avatar - The International 2021,Desconhecido,Desconhecido,Desconhecido,1,"R$ 1,67","R$ 0,03","R$ 0,00","R$ 1,64"
Limbs of Lycosidae,Desconhecido,Desconhecido,Desconhecido,8,"R$ 1,67","R$ 0,03","R$ 0,00","R$ 1,64"
Lineage Kit of the Hunt Eternal,Desconhecido,Desconhecido,Desconhecido,1,"R$ 1,66","R$ 0,03","R$ 0,00","R$ 1,63"
Plague Baron,Desconhecido,Desconhecido,Desconhecido,1,"R$ 1,62","R$ 0,00","R$ 0,00","R$ 1,62"
Thunderbird,Desconhecido,Desconhecido,Desconhecido,1,"R$ 1,62","R$ 0,00","R$ 0,00","R$ 1,62"
Genuine DAC 2015 Chaos Knight Cursor Pack,Desconhecido,Desconhecido,Desconhecido,2,"R$ 1,62","R$ 0,00","R$ 0,00","R$ 1,62"
Hat of the Foreteller's Oath,Desconhecido,Desconhecido,Desconhecido,1,"R$ 1,62","R$ 0,00","R$ 0,00","R$ 1,62"
Inscribed Infernal Menace,Desconhecido,Desconhecido,Desconhecido,2,"R$ 1,62","R$ 0,01","R$ 0,00","R$ 1,61"
Inscribed Immortal Pantheon,Desconhecido,Desconhecido,Desconhecido,1,"R$ 1,61","R$ 0,00","R$ 0,00","R$ 1,61"
Taunt: Enigmatic Style,Desconhecido,Desconhecido,Desconhecido,4,"R$ 1,67","R$ 0,06","R$ 0,00","R$ 1,61"
Eye of Ix'yxa,Desconhecido,Desconhecido,Desconhecido,5,"R$ 2,40","R$ 0,80","R$ 0,00","R$ 1,60"
Twitcher,Desconhecido,Desconhecido,Desconhecido,2,"R$ 1,60","R$ 0,00","R$ 0,00","R$ 1,60"
Desert Music Pack,Desconhecido,Desconhecido,Desconhecido,1,"R$ 1,63","R$ 0,03","R$ 0,00","R$ 1,60"
Thornwatch,Desconhecido,Desconhecido,Desconhecido,1,"R$ 1,58","R$ 0,00","R$ 0,00","R$ 1,58"
Hakama of a Thousand Faces,Desconhecido,Desconhecido,Desconhecido,1,"R$ 1,57","R$ 0,00","R$ 0,00","R$ 1,57"
Devourling,Desconhecido,Desconhecido,Desconhecido,3,"R$ 1,57","R$ 0,00","R$ 0,00","R$ 1,57"
Bogmarch Mask,Desconhecido,Desconhecido,Desconhecido,1,"R$ 1,56","R$ 0,00","R$ 0,00","R$ 1,56"
Hymn of the Pious Plague Golem,Desconhecido,Desconhecido,Desconhecido,3,"R$ 1,59","R$ 0,03","R$ 0,00","R$ 1,56"
Waldi the Faithful,Desconhecido,Desconhecido,Desconhecido,4,"R$ 1,56","R$ 0,00","R$ 0,00","R$ 1,56"
Snaggletooth Jerry,Desconhecido,Desconhecido,Desconhecido,1,"R$ 2,42","R$ 0,87","R$ 0,00","R$ 1,55"
Shoulder Plate of the Fervent Conscript,Desconhecido,Desconhecido,Desconhecido,1,"R$ 1,54","R$ 0,00","R$ 0,00","R$ 1,54"
Inscribed Golden Dark Maw Inhibitor,Desconhecido,Desconhecido,Desconhecido,1,"R$ 1,56","R$ 0,02","R$ 0,00","R$ 1,54"
King Kringle Arms,Desconhecido,Desconhecido,Desconhecido,1,"R$ 1,56","R$ 0,02","R$ 0,00","R$ 1,54"
The Arcanist's Guise,Desconhecido,Desconhecido,Desconhecido,1,"R$ 1,56","R$ 0,03","R$ 0,00","R$ 1,53"
Witch Hunt,Desconhecido,Desconhecido,Desconhecido,1,"R$ 1,53","R$ 0,00","R$ 0,00","R$ 1,53"
Sunken Snapper,Desconhecido,Desconhecido,Desconhecido,1,"R$ 1,53","R$ 0,00","R$ 0,00","R$ 1,53"
Inscribed Antipode Couriers,Desconhecido,Desconhecido,Desconhecido,2,"R$ 1,98","R$ 0,47","R$ 0,00","R$ 1,51"
Cap of the Smoldering Sage,Desconhecido,Desconhecido,Desconhecido,2,"R$ 2,56","R$ 1,06","R$ 0,00","R$ 1,50"
Helm of Cruel Reprisal,Desconhecido,Desconhecido,Desconhecido,1,"R$ 1,50","R$ 0,00","R$ 0,00","R$ 1,50"
Butter Blunder,Desconhecido,Desconhecido,Desconhecido,2,"R$ 1,51","R$ 0,02","R$ 0,00","R$ 1,49"
Mega-Kills: The Stanley Parable,Desconhecido,Desconhecido,Desconhecido,1,"R$ 1,48","R$ 0,00","R$ 0,00","R$ 1,48"
Inscribed Crucible of Rile,Desconhecido,Desconhecido,Desconhecido,2,"R$ 1,98","R$ 0,50","R$ 0,00","R$ 1,48"
Taunt: The Royal Raspberry,Desconhecido,Desconhecido,Desconhecido,2,"R$ 1,53","R$ 0,06","R$ 0,00","R$ 1,47"
Hunger of the Howling Wilds Shoulder,Desconhecido,Desconhecido,Desconhecido,1,"R$ 1,46","R$ 0,00","R$ 0,00","R$ 1,46"
Beetlejaws the Boxhound,Desconhecido,Desconhecido,Desconhecido,1,"R$ 2,26","R$ 0,81","R$ 0,00","R$ 1,45"
Wings of the Ethereal Monarch,Desconhecido,Desconhecido,Desconhecido,1,"R$ 1,44","R$ 0,00","R$ 0,00","R$ 1,44"
Taunt: Pie of Malice,Desconhecido,Desconhecido,Desconhecido,4,"R$ 1,55","R$ 0,12","R$ 0,00","R$ 1,43"
Seclusions of the Void,Desconhecido,Desconhecido,Desconhecido,12,"R$ 1,68","R$ 0,28","R$ 0,00","R$ 1,40"
Prolific Planter Treants,Desconhecido,Desconhecido,Desconhecido,1,"R$ 1,47","R$ 0,07","R$ 0,00","R$ 1,40"
Pauldrons of the Spirethorn,Desconhecido,Desconhecido,Desconhecido,1,"R$ 1,40","R$ 0,00","R$ 0,00","R$ 1,40"
Aghanim's Labryinth 2021 HUD,Desconhecido,Desconhecido,Desconhecido,6,"R$ 1,56","R$ 0,18","R$ 0,00","R$ 1,38"
Inscribed Hearts of Misrule,Desconhecido,Desconhecido,Desconhecido,1,"R$ 1,39","R$ 0,03","R$ 0,00","R$ 1,36"
Spirit of Calm,Desconhecido,Desconhecido,Desconhecido,1,"R$ 1,35","R$ 0,00","R$ 0,00","R$ 1,35"
Book of the Vizier Exile,Desconhecido,Desconhecido,Desconhecido,1,"R$ 2,19","R$ 0,84","R$ 0,00","R$ 1,35"
Taunt: Victory Jig,Desconhecido,Desconhecido,Desconhecido,1,"R$ 1,42","R$ 0,09","R$ 0,00","R$ 1,33"
Obsidian Atrocity,Desconhecido,Desconhecido,Desconhecido,2,"R$ 1,32","R$ 0,00","R$ 0,00","R$ 1,32"
Spina Infernalis,Desconhecido,Desconhecido,Desconhecido,2,"R$ 1,31","R$ 0,00","R$ 0,00","R$ 1,31"
Autographed Dragonclaw Hook,Desconhecido,Desconhecido,Desconhecido,1,"R$ 1,31","R$ 0,00","R$ 0,00","R$ 1,31"
Armor of the Storm Dragon Potente,Desconhecido,Desconhecido,Desconhecido,1,"R$ 1,31","R$ 0,00","R$ 0,00","R$ 1,31"
Insight of Forlorn Precipice,Desconhecido,Desconhecido,Desconhecido,11,"R$ 1,78","R$ 0,48","R$ 0,00","R$ 1,30"
Inscribed Ghastly Nocturne,Desconhecido,Desconhecido,Desconhecido,1,"R$ 1,32","R$ 0,03","R$ 0,00","R$ 1,29"
Robe of the Raikage Warrior,Desconhecido,Desconhecido,Desconhecido,1,"R$ 1,26","R$ 0,00","R$ 0,00","R$ 1,26"
Edge of Extinction Boar,Desconhecido,Desconhecido,Desconhecido,1,"R$ 1,26","R$ 0,00","R$ 0,00","R$ 1,26"
Phantom's Reaper,Desconhecido,Desconhecido,Desconhecido,1,"R$ 1,26","R$ 0,00","R$ 0,00","R$ 1,26"
Gold Crownfall Sticker - Crystal Maiden,Desconhecido,Desconhecido,Desconhecido,1,"R$ 1,26","R$ 0,00","R$ 0,00","R$ 1,26"
Trenchknight,Desconhecido,Desconhecido,Desconhecido,3,"R$ 1,26","R$ 0,02","R$ 0,00","R$ 1,24"
Garb of the Rain Forest Refugee,Desconhecido,Desconhecido,Desconhecido,1,"R$ 1,27","R$ 0,03","R$ 0,00","R$ 1,24"
Oni Magi - Weapon,Desconhecido,Desconhecido,Desconhecido,2,"R$ 1,24","R$ 0,00","R$ 0,00","R$ 1,24"
The International 2024 HUD,Desconhecido,Desconhecido,Desconhecido,1,"R$ 1,23","R$ 0,00","R$ 0,00","R$ 1,23"
Inscribed Tormented Crown,Desconhecido,Desconhecido,Desconhecido,2,"R$ 1,24","R$ 0,01","R$ 0,00","R$ 1,23"
Discipline of the Dark Star Misc,Desconhecido,Desconhecido,Desconhecido,1,"R$ 1,23","R$ 0,00","R$ 0,00","R$ 1,23"
Armor of the Forgotten Plane,Desconhecido,Desconhecido,Desconhecido,1,"R$ 1,22","R$ 0,00","R$ 0,00","R$ 1,22"
Inscribed Golden Seclusions of the Void,Desconhecido,Desconhecido,Desconhecido,1,"R$ 1,47","R$ 0,25","R$ 0,00","R$ 1,22"
Taunt: High Flying Squirrel,Desconhecido,Desconhecido,Desconhecido,3,"R$ 2,36","R$ 1,14","R$ 0,00","R$ 1,22"
Inscribed B.U.S.T.E.R,Desconhecido,Desconhecido,Desconhecido,1,"R$ 1,21","R$ 0,00","R$ 0,00","R$ 1,21"
Girdle of the Butcher's Wake,Desconhecido,Desconhecido,Desconhecido,1,"R$ 1,23","R$ 0,02","R$ 0,00","R$ 1,21"
Eiritel Autograph Avatar - The International 2021,Desconhecido,Desconhecido,Desconhecido,1,"R$ 1,23","R$ 0,02","R$ 0,00","R$ 1,21"
Lionheart,Desconhecido,Desconhecido,Desconhecido,2,"R$ 1,24","R$ 0,04","R$ 0,00","R$ 1,20"
Spirit of the Sacred Grove - Bow,Desconhecido,Desconhecido,Desconhecido,2,"R$ 2,28","R$ 1,08","R$ 0,00","R$ 1,20"
Mars Gallus,Desconhecido,Desconhecido,Desconhecido,2,"R$ 1,19","R$ 0,00","R$ 0,00","R$ 1,19"
Inscribed Onibi,Desconhecido,Desconhecido,Desconhecido,2,"R$ 1,47","R$ 0,29","R$ 0,00","R$ 1,18"
Curiosity,Desconhecido,Desconhecido,Desconhecido,2,"R$ 1,18","R$ 0,00","R$ 0,00","R$ 1,18"
Doll of the Dead's Vest,Desconhecido,Desconhecido,Desconhecido,3,"R$ 1,19","R$ 0,01","R$ 0,00","R$ 1,18"
Horns of Deep Magma,Desconhecido,Desconhecido,Desconhecido,1,"R$ 1,20","R$ 0,02","R$ 0,00","R$ 1,18"
Inscribed Pale Augur,Desconhecido,Desconhecido,Desconhecido,1,"R$ 3,58","R$ 2,40","R$ 0,00","R$ 1,18"
Dead Reckoning Chest,Desconhecido,Desconhecido,Desconhecido,1,"R$ 1,39","R$ 0,21","R$ 0,00","R$ 1,18"
Inscribed Bloodmayne Avenger,Desconhecido,Desconhecido,Desconhecido,1,"R$ 1,18","R$ 0,00","R$ 0,00","R$ 1,18"
Inscribed Rabid Watchcog,Desconhecido,Desconhecido,Desconhecido,1,"R$ 1,16","R$ 0,00","R$ 0,00","R$ 1,16"
Grimfeather the Grotesque,Desconhecido,Desconhecido,Desconhecido,2,"R$ 1,16","R$ 0,00","R$ 0,00","R$ 1,16"
Inscribed Paragon's Rebuke,Desconhecido,Desconhecido,Desconhecido,1,"R$ 1,18","R$ 0,02","R$ 0,00","R$ 1,16"
Phalanx of the Bronze Eagle,Desconhecido,Desconhecido,Desconhecido,2,"R$ 1,15","R$ 0,00","R$ 0,00","R$ 1,15"
Kunkka & Tidehunter Announcer Pack,Desconhecido,Desconhecido,Desconhecido,5,"R$ 1,17","R$ 0,02","R$ 0,00","R$ 1,15"
Inscribed Golden Dread Requisition,Desconhecido,Desconhecido,Desconhecido,1,"R$ 1,16","R$ 0,02","R$ 0,00","R$ 1,14"
Vigilante Fox,Desconhecido,Desconhecido,Desconhecido,2,"R$ 1,55","R$ 0,43","R$ 0,00","R$ 1,12"
Winter Lineage Hunter's Dawn Furs,Desconhecido,Desconhecido,Desconhecido,1,"R$ 1,11","R$ 0,00","R$ 0,00","R$ 1,11"
Polar Night Back,Desconhecido,Desconhecido,Desconhecido,1,"R$ 1,12","R$ 0,02","R$ 0,00","R$ 1,10"
Inscribed Pudgling,Desconhecido,Desconhecido,Desconhecido,1,"R$ 1,10","R$ 0,00","R$ 0,00","R$ 1,10"
Frightful Revelries Hood,Desconhecido,Desconhecido,Desconhecido,1,"R$ 1,09","R$ 0,00","R$ 0,00","R$ 1,09"
Mechjaw the Boxhound,Desconhecido,Desconhecido,Desconhecido,1,"R$ 1,08","R$ 0,00","R$ 0,00","R$ 1,08"
Stonebreak Excavators,Desconhecido,Desconhecido,Desconhecido,1,"R$ 1,08","R$ 0,00","R$ 0,00","R$ 1,08"
Armor of Cruel Reprisal,Desconhecido,Desconhecido,Desconhecido,1,"R$ 1,08","R$ 0,00","R$ 0,00","R$ 1,08"
Flight of the Gryphon Lord,Desconhecido,Desconhecido,Desconhecido,1,"R$ 1,08","R$ 0,00","R$ 0,00","R$ 1,08"
Claws of Nuranu,Desconhecido,Desconhecido,Desconhecido,4,"R$ 1,09","R$ 0,03","R$ 0,00","R$ 1,06"
Taunt: Get Up and Trance,Desconhecido,Desconhecido,Desconhecido,8,"R$ 1,15","R$ 0,10","R$ 0,00","R$ 1,05"
Axolotl,Desconhecido,Desconhecido,Desconhecido,2,"R$ 1,05","R$ 0,01","R$ 0,00","R$ 1,04"
Filmtail,Desconhecido,Desconhecido,Desconhecido,1,"R$ 1,63","R$ 0,59","R$ 0,00","R$ 1,04"
Inscribed Swine Arsenal,Desconhecido,Desconhecido,Desconhecido,1,"R$ 4,71","R$ 3,68","R$ 0,00","R$ 1,03"
Designs of Ancient Druud,Desconhecido,Desconhecido,Desconhecido,2,"R$ 1,01","R$ 0,00","R$ 0,00","R$ 1,01"
Doll of the Dead's Hook,Desconhecido,Desconhecido,Desconhecido,2,"R$ 1,01","R$ 0,00","R$ 0,00","R$ 1,01"
Inscribed Edict of Shadows,Desconhecido,Desconhecido,Desconhecido,1,"R$ 1,00","R$ 0,00","R$ 0,00","R$ 1,00"
Brood Hunter Loading Screen,Desconhecido,Desconhecido,Desconhecido,1,"R$ 1,00","R$ 0,00","R$ 0,00","R$ 1,00"
Sullen Shrine,Desconhecido,Desconhecido,Desconhecido,2,"R$ 1,02","R$ 0,02","R$ 0,00","R$ 1,00"
Edict of Shadows,Desconhecido,2814098923,"R$ 0,99",1,"R$ 0,99","R$ 0,00","R$ 0,00","R$ 0,99"
Belt of the Emerald Age,Desconhecido,Desconhecido,Desconhecido,1,"R$ 1,04","R$ 0,06","R$ 0,00","R$ 0,98"
"Taunt: Got That Spark, Warden!",Desconhecido,Desconhecido,Desconhecido,1,"R$ 0,98","R$ 0,00","R$ 0,00","R$ 0,98"
Infernal Cavalcade,Desconhecido,Desconhecido,Desconhecido,11,"R$ 1,09","R$ 0,12","R$ 0,00","R$ 0,97"
Barding of Balaur - Fire Head,Desconhecido,Desconhecido,Desconhecido,1,"R$ 0,96","R$ 0,00","R$ 0,00","R$ 0,96"
Naginata of the Allure Off-Hand,Desconhecido,Desconhecido,Desconhecido,1,"R$ 1,21","R$ 0,25","R$ 0,00","R$ 0,96"
Auspicious Flowering Treant,Desconhecido,Desconhecido,Desconhecido,1,"R$ 0,95","R$ 0,00","R$ 0,00","R$ 0,95"
Taunt: Temper Tramplum,Desconhecido,Desconhecido,Desconhecido,5,"R$ 1,00","R$ 0,05","R$ 0,00","R$ 0,95"
Iron Thorn,Desconhecido,Desconhecido,Desconhecido,3,"R$ 0,93","R$ 0,00","R$ 0,00","R$ 0,93"
Belt of the Spiteful Djinn,Desconhecido,Desconhecido,Desconhecido,1,"R$ 0,92","R$ 0,00","R$ 0,00","R$ 0,92"
Edge of Extinction Hawk,Desconhecido,Desconhecido,Desconhecido,2,"R$ 0,92","R$ 0,00","R$ 0,00","R$ 0,92"
Twisted Ghostblade of the Frozen Apostle,Desconhecido,Desconhecido,Desconhecido,1,"R$ 0,91","R$ 0,00","R$ 0,00","R$ 0,91"
Armor of the Icewrack Marauder,Desconhecido,Desconhecido,Desconhecido,1,"R$ 0,90","R$ 0,00","R$ 0,00","R$ 0,90"
Song of the Shadow Dragon - Shoulders,Desconhecido,Desconhecido,Desconhecido,2,"R$ 0,90","R$ 0,00","R$ 0,00","R$ 0,90"
Eye of the Fateweaver Armor,Desconhecido,Desconhecido,Desconhecido,1,"R$ 0,90","R$ 0,00","R$ 0,00","R$ 0,90"
Ornaments of the Gleaming Seal,Desconhecido,Desconhecido,Desconhecido,1,"R$ 0,90","R$ 0,00","R$ 0,00","R$ 0,90"
Crimsonwing Slayer Wings,Desconhecido,Desconhecido,Desconhecido,1,"R$ 0,90","R$ 0,00","R$ 0,00","R$ 0,90"
Shark Cowl,Desconhecido,Desconhecido,Desconhecido,1,"R$ 0,90","R$ 0,00","R$ 0,00","R$ 0,90"
The International 2016 HUD,Desconhecido,Desconhecido,Desconhecido,4,"R$ 0,91","R$ 0,01","R$ 0,00","R$ 0,90"
Taunt: Curious Movements Indeed,Desconhecido,Desconhecido,Desconhecido,3,"R$ 1,90","R$ 1,02","R$ 0,00","R$ 0,88"
Inscribed The Gates of Nothl,Desconhecido,Desconhecido,Desconhecido,1,"R$ 0,88","R$ 0,00","R$ 0,00","R$ 0,88"
Inscribed Latticean Hierarchy,Desconhecido,Desconhecido,Desconhecido,2,"R$ 0,88","R$ 0,00","R$ 0,00","R$ 0,88"
Tail of the Proven,Desconhecido,Desconhecido,Desconhecido,2,"R$ 0,88","R$ 0,01","R$ 0,00","R$ 0,87"
Inscribed Tail of Reminiscence,Desconhecido,Desconhecido,Desconhecido,1,"R$ 0,93","R$ 0,06","R$ 0,00","R$ 0,87"
Inscribed Akakiryu of a Thousand Faces,Desconhecido,Desconhecido,Desconhecido,1,"R$ 0,87","R$ 0,00","R$ 0,00","R$ 0,87"
Frightful Revelries Legs,Desconhecido,Desconhecido,Desconhecido,1,"R$ 0,86","R$ 0,00","R$ 0,00","R$ 0,86"
Prophecies of Pavo - Back,Desconhecido,Desconhecido,Desconhecido,1,"R$ 0,88","R$ 0,02","R$ 0,00","R$ 0,86"
Taunt: Shredding the Lute Invisible,Desconhecido,Desconhecido,Desconhecido,1,"R$ 0,90","R$ 0,05","R$ 0,00","R$ 0,85"
Anunkasan,Desconhecido,Desconhecido,Desconhecido,1,"R$ 0,85","R$ 0,00","R$ 0,00","R$ 0,85"
Taunt: Flopper,Desconhecido,Desconhecido,Desconhecido,2,"R$ 1,89","R$ 1,04","R$ 0,00","R$ 0,85"
Descaler of the Scoundrel,Desconhecido,Desconhecido,Desconhecido,1,"R$ 0,85","R$ 0,00","R$ 0,00","R$ 0,85"
Whispers of the Damned Sword,Desconhecido,Desconhecido,Desconhecido,1,"R$ 0,90","R$ 0,05","R$ 0,00","R$ 0,85"
Hides of Hostility,Desconhecido,Desconhecido,Desconhecido,5,"R$ 0,85","R$ 0,01","R$ 0,00","R$ 0,84"
Bloodbird's Lament - Weapon,Desconhecido,Desconhecido,Desconhecido,1,"R$ 0,86","R$ 0,02","R$ 0,00","R$ 0,84"
Ethereal: Bleak Hallucination,Desconhecido,Desconhecido,Desconhecido,1,"R$ 0,84","R$ 0,00","R$ 0,00","R$ 0,84"
Visage of the Ivory Isles,Desconhecido,Desconhecido,Desconhecido,1,"R$ 0,84","R$ 0,00","R$ 0,00","R$ 0,84"
Dendi Autograph Avatar - The International 2021,Desconhecido,Desconhecido,Desconhecido,1,"R$ 0,84","R$ 0,00","R$ 0,00","R$ 0,84"
Inscribed Smeevil's Penance,Desconhecido,Desconhecido,Desconhecido,2,"R$ 0,83","R$ 0,00","R$ 0,00","R$ 0,83"
Dire Shred Cover Pack,Desconhecido,Desconhecido,Desconhecido,2,"R$ 0,83","R$ 0,01","R$ 0,00","R$ 0,82"
Aktok's Glory,Desconhecido,Desconhecido,Desconhecido,5,"R$ 0,83","R$ 0,01","R$ 0,00","R$ 0,82"
Offhand Blade of Prismatic Grace,Desconhecido,Desconhecido,Desconhecido,1,"R$ 0,82","R$ 0,00","R$ 0,00","R$ 0,82"
Servants of Endless Stars,Desconhecido,Desconhecido,Desconhecido,1,"R$ 0,81","R$ 0,00","R$ 0,00","R$ 0,81"
Auspicious Bobusang's Tobacco Fix,Desconhecido,Desconhecido,Desconhecido,1,"R$ 0,80","R$ 0,00","R$ 0,00","R$ 0,80"
Smoke Bomb of Monstrous Reprisal,Desconhecido,Desconhecido,Desconhecido,1,"R$ 0,80","R$ 0,00","R$ 0,00","R$ 0,80"
Taunt: Time and Space Jam,Desconhecido,Desconhecido,Desconhecido,2,"R$ 1,45","R$ 0,66","R$ 0,00","R$ 0,79"
Pauldrons of the Burning Nightmare,Desconhecido,Desconhecido,Desconhecido,2,"R$ 0,95","R$ 0,16","R$ 0,00","R$ 0,79"
Whispering Wings - Belt,Desconhecido,Desconhecido,Desconhecido,2,"R$ 0,96","R$ 0,18","R$ 0,00","R$ 0,78"
Warcog Cursor Pack,Desconhecido,Desconhecido,Desconhecido,1,"R$ 0,78","R$ 0,00","R$ 0,00","R$ 0,78"
Malice,Desconhecido,Desconhecido,Desconhecido,1,"R$ 0,78","R$ 0,00","R$ 0,00","R$ 0,78"
Draconic Requiem,Desconhecido,Desconhecido,Desconhecido,1,"R$ 0,78","R$ 0,00","R$ 0,00","R$ 0,78"
Highborn Heretic,Desconhecido,Desconhecido,Desconhecido,1,"R$ 0,76","R$ 0,00","R$ 0,00","R$ 0,76"
Crystalline Crown,Desconhecido,Desconhecido,Desconhecido,2,"R$ 0,78","R$ 0,02","R$ 0,00","R$ 0,76"
Lineage Charge of the Tundra Warden,Desconhecido,Desconhecido,Desconhecido,2,"R$ 0,75","R$ 0,00","R$ 0,00","R$ 0,75"
Foulfell Corruptor Loading Screen,Desconhecido,Desconhecido,Desconhecido,1,"R$ 0,75","R$ 0,00","R$ 0,00","R$ 0,75"
Team Logo Capsule DPC Top 1-6 - TI 2022,Desconhecido,Desconhecido,Desconhecido,1,"R$ 0,83","R$ 0,08","R$ 0,00","R$ 0,75"
Beetlebark and Plod,Desconhecido,Desconhecido,Desconhecido,4,"R$ 1,39","R$ 0,64","R$ 0,00","R$ 0,75"
Ward of the Phoenix,Desconhecido,Desconhecido,Desconhecido,2,"R$ 0,77","R$ 0,02","R$ 0,00","R$ 0,75"
Master of the Mystic Phoenix - Back,Desconhecido,Desconhecido,Desconhecido,1,"R$ 0,75","R$ 0,00","R$ 0,00","R$ 0,75"
Pauldron of the Dreadborn Regent,Desconhecido,Desconhecido,Desconhecido,1,"R$ 0,81","R$ 0,07","R$ 0,00","R$ 0,74"
Azure Constellation HUD,Desconhecido,Desconhecido,Desconhecido,4,"R$ 0,74","R$ 0,00","R$ 0,00","R$ 0,74"
Jadehorn,Desconhecido,Desconhecido,Desconhecido,2,"R$ 0,74","R$ 0,01","R$ 0,00","R$ 0,73"
Frozen Infernal Pactblade,Desconhecido,Desconhecido,Desconhecido,1,"R$ 0,72","R$ 0,00","R$ 0,00","R$ 0,72"
Song of the Shadow Dragon - Belt,Desconhecido,Desconhecido,Desconhecido,1,"R$ 0,72","R$ 0,00","R$ 0,00","R$ 0,72"
Inscribed Deepshock Destroyer,Desconhecido,Desconhecido,Desconhecido,1,"R$ 1,29","R$ 0,57","R$ 0,00","R$ 0,72"
Armguards of the Smoldering Sage,Desconhecido,Desconhecido,Desconhecido,1,"R$ 0,72","R$ 0,01","R$ 0,00","R$ 0,71"
Grimoire The Book Wyrm,Desconhecido,Desconhecido,Desconhecido,1,"R$ 0,70","R$ 0,00","R$ 0,00","R$ 0,70"
Taunt: Order Up!,Desconhecido,Desconhecido,Desconhecido,1,"R$ 0,70","R$ 0,00","R$ 0,00","R$ 0,70"
Demon of the Dark Curator,Desconhecido,Desconhecido,Desconhecido,1,"R$ 0,70","R$ 0,01","R$ 0,00","R$ 0,69"
Onyx Fume,Desconhecido,Desconhecido,Desconhecido,1,"R$ 0,69","R$ 0,00","R$ 0,00","R$ 0,69"
Frostglade Familiar Hat,Desconhecido,Desconhecido,Desconhecido,1,"R$ 0,69","R$ 0,00","R$ 0,00","R$ 0,69"
Bladebreaker Brush,Desconhecido,Desconhecido,Desconhecido,2,"R$ 0,68","R$ 0,00","R$ 0,00","R$ 0,68"
Nimble Edge Set,Desconhecido,Desconhecido,Desconhecido,1,"R$ 0,67","R$ 0,00","R$ 0,00","R$ 0,67"
Flutterstep,Desconhecido,Desconhecido,Desconhecido,9,"R$ 0,91","R$ 0,25","R$ 0,00","R$ 0,66"
Taunt: Barrelmeister,Desconhecido,Desconhecido,Desconhecido,2,"R$ 1,21","R$ 0,55","R$ 0,00","R$ 0,66"
Tunnel Raider Shoulder,Desconhecido,Desconhecido,Desconhecido,3,"R$ 0,82","R$ 0,16","R$ 0,00","R$ 0,66"
Staff of the Manticore,Desconhecido,Desconhecido,Desconhecido,1,"R$ 0,65","R$ 0,00","R$ 0,00","R$ 0,65"
Abscession Emoticon Pack,Desconhecido,Desconhecido,Desconhecido,1,"R$ 0,65","R$ 0,00","R$ 0,00","R$ 0,65"
Nature,Desconhecido,Desconhecido,Desconhecido,2,"R$ 0,66","R$ 0,01","R$ 0,00","R$ 0,65"
Belt of the Crystal Drift,Desconhecido,Desconhecido,Desconhecido,1,"R$ 0,68","R$ 0,03","R$ 0,00","R$ 0,65"
Clash of Heroes,Desconhecido,Desconhecido,Desconhecido,1,"R$ 0,64","R$ 0,00","R$ 0,00","R$ 0,64"
Echo the Locator,Desconhecido,Desconhecido,Desconhecido,1,"R$ 0,65","R$ 0,01","R$ 0,00","R$ 0,64"
Light of the Forgotten Renegade,Desconhecido,Desconhecido,Desconhecido,1,"R$ 0,75","R$ 0,11","R$ 0,00","R$ 0,64"
Steam Chopper,Desconhecido,Desconhecido,Desconhecido,1,"R$ 0,64","R$ 0,00","R$ 0,00","R$ 0,64"
Inscribed Voracious Greevil,Desconhecido,Desconhecido,Desconhecido,1,"R$ 0,63","R$ 0,00","R$ 0,00","R$ 0,63"
Inscribed Maraxiform's Fallen,Desconhecido,Desconhecido,Desconhecido,1,"R$ 0,63","R$ 0,00","R$ 0,00","R$ 0,63"
Ghillied Gunman Shoulders,Desconhecido,Desconhecido,Desconhecido,1,"R$ 0,63","R$ 0,00","R$ 0,00","R$ 0,63"
The Rose of Ristul - Shoulder,Desconhecido,Desconhecido,Desconhecido,1,"R$ 0,63","R$ 0,00","R$ 0,00","R$ 0,63"
Dark Meadow Massacre Head,Desconhecido,Desconhecido,Desconhecido,1,"R$ 0,62","R$ 0,00","R$ 0,00","R$ 0,62"
Graxx's Strap - Style Unlock,Desconhecido,Desconhecido,Desconhecido,5,"R$ 0,74","R$ 0,13","R$ 0,00","R$ 0,61"
Omen's Embrace Loading Screen,Desconhecido,Desconhecido,Desconhecido,1,"R$ 0,61","R$ 0,00","R$ 0,00","R$ 0,61"
Tines of the Pyrexae,Desconhecido,Desconhecido,Desconhecido,1,"R$ 0,61","R$ 0,00","R$ 0,00","R$ 0,61"
Tunnel Raider Back,Desconhecido,Desconhecido,Desconhecido,2,"R$ 0,72","R$ 0,12","R$ 0,00","R$ 0,60"
Whip of the Forlorn Maze,Desconhecido,Desconhecido,Desconhecido,1,"R$ 0,60","R$ 0,00","R$ 0,00","R$ 0,60"
Mane of the Demon Stone,Desconhecido,Desconhecido,Desconhecido,1,"R$ 0,61","R$ 0,01","R$ 0,00","R$ 0,60"
Mega-Kills: Bastion,Desconhecido,Desconhecido,Desconhecido,1,"R$ 0,60","R$ 0,00","R$ 0,00","R$ 0,60"
Armor of Endless Stars,Desconhecido,Desconhecido,Desconhecido,1,"R$ 0,63","R$ 0,03","R$ 0,00","R$ 0,60"
Silent Ripper,Desconhecido,Desconhecido,Desconhecido,1,"R$ 0,60","R$ 0,00","R$ 0,00","R$ 0,60"
Cluckles the Brave,Desconhecido,Desconhecido,Desconhecido,5,"R$ 0,67","R$ 0,08","R$ 0,00","R$ 0,59"
Taunt: Techies Squint and Laugh,Desconhecido,Desconhecido,Desconhecido,3,"R$ 0,59","R$ 0,00","R$ 0,00","R$ 0,59"
Fury of the Thunderhawk,Desconhecido,Desconhecido,Desconhecido,2,"R$ 0,59","R$ 0,00","R$ 0,00","R$ 0,59"
Song of the Sea Lotus,Desconhecido,Desconhecido,Desconhecido,1,"R$ 0,70","R$ 0,11","R$ 0,00","R$ 0,59"
Itsy,Desconhecido,Desconhecido,Desconhecido,1,"R$ 0,61","R$ 0,02","R$ 0,00","R$ 0,59"
The International 2017 Cursor Pack,Desconhecido,Desconhecido,Desconhecido,1,"R$ 0,59","R$ 0,01","R$ 0,00","R$ 0,58"
Belt of the Grey Ghost,Desconhecido,Desconhecido,Desconhecido,1,"R$ 0,59","R$ 0,01","R$ 0,00","R$ 0,58"
Hunger of the Howling Wilds Tail,Desconhecido,Desconhecido,Desconhecido,1,"R$ 1,09","R$ 0,51","R$ 0,00","R$ 0,58"
Mount of the Wintermoon,Desconhecido,Desconhecido,Desconhecido,2,"R$ 0,58","R$ 0,00","R$ 0,00","R$ 0,58"
Golden Treasures,Desconhecido,Desconhecido,Desconhecido,2,"R$ 0,56","R$ 0,00","R$ 0,00","R$ 0,56"
Fraidy Jack,Desconhecido,Desconhecido,Desconhecido,1,"R$ 0,56","R$ 0,00","R$ 0,00","R$ 0,56"
Ye Olde Pipe,Desconhecido,Desconhecido,Desconhecido,2,"R$ 0,55","R$ 0,00","R$ 0,00","R$ 0,55"
Infused Axe of the Proven,Desconhecido,Desconhecido,Desconhecido,2,"R$ 0,55","R$ 0,00","R$ 0,00","R$ 0,55"
Harmonies of New Bloom Music Pack,Desconhecido,Desconhecido,Desconhecido,1,"R$ 0,55","R$ 0,00","R$ 0,00","R$ 0,55"
Wings of Twilight Shade,Desconhecido,Desconhecido,Desconhecido,1,"R$ 0,55","R$ 0,00","R$ 0,00","R$ 0,55"
Helm of the Umizar Crawler,Desconhecido,Desconhecido,Desconhecido,1,"R$ 0,77","R$ 0,22","R$ 0,00","R$ 0,55"
Reflection of the Surging Stream - Head,Desconhecido,Desconhecido,Desconhecido,1,"R$ 0,54","R$ 0,00","R$ 0,00","R$ 0,54"
Beaks n' Bubbles,Desconhecido,Desconhecido,Desconhecido,1,"R$ 0,54","R$ 0,00","R$ 0,00","R$ 0,54"
Auspicious Announcer: Bastion,Desconhecido,Desconhecido,Desconhecido,1,"R$ 0,54","R$ 0,00","R$ 0,00","R$ 0,54"
Witch Hunt Hat,Desconhecido,Desconhecido,Desconhecido,1,"R$ 0,54","R$ 0,00","R$ 0,00","R$ 0,54"
Double Vision,Desconhecido,Desconhecido,Desconhecido,1,"R$ 0,54","R$ 0,00","R$ 0,00","R$ 0,54"
Killstealer,Desconhecido,Desconhecido,Desconhecido,1,"R$ 0,53","R$ 0,00","R$ 0,00","R$ 0,53"
Exalted Voice of the Magus Cypher,Desconhecido,Desconhecido,Desconhecido,1,"R$ 0,55","R$ 0,02","R$ 0,00","R$ 0,53"
Inscribed Azure Constellation HUD,Desconhecido,Desconhecido,Desconhecido,1,"R$ 0,53","R$ 0,00","R$ 0,00","R$ 0,53"
Cape of Cruel Reprisal,Desconhecido,Desconhecido,Desconhecido,1,"R$ 0,52","R$ 0,00","R$ 0,00","R$ 0,52"
Stonehall Royal Guard Helmet,Desconhecido,Desconhecido,Desconhecido,1,"R$ 0,73","R$ 0,21","R$ 0,00","R$ 0,52"
Death Shroud of the Frozen Apostle,Desconhecido,Desconhecido,Desconhecido,1,"R$ 0,52","R$ 0,00","R$ 0,00","R$ 0,52"
Mega-Kills: Pyrion Flax,Desconhecido,Desconhecido,Desconhecido,1,"R$ 0,52","R$ 0,01","R$ 0,00","R$ 0,51"
Ghillied Gunman Nest Cap,Desconhecido,Desconhecido,Desconhecido,1,"R$ 0,51","R$ 0,00","R$ 0,00","R$ 0,51"
Sheever Autograph Avatar - The International 2021,Desconhecido,Desconhecido,Desconhecido,1,"R$ 0,51","R$ 0,01","R$ 0,00","R$ 0,50"
Duangua of the Wandering Demon,Desconhecido,Desconhecido,Desconhecido,1,"R$ 0,50","R$ 0,00","R$ 0,00","R$ 0,50"
Smeevil,Desconhecido,Desconhecido,Desconhecido,3,"R$ 1,50","R$ 1,00","R$ 0,00","R$ 0,50"
Large Scarlet Quarry,Desconhecido,Desconhecido,Desconhecido,2,"R$ 0,82","R$ 0,32","R$ 0,00","R$ 0,50"
Raven Harvest - Shoulder,Desconhecido,Desconhecido,Desconhecido,1,"R$ 0,49","R$ 0,00","R$ 0,00","R$ 0,49"
Crystallized Mana,Desconhecido,Desconhecido,Desconhecido,1,"R$ 0,50","R$ 0,01","R$ 0,00","R$ 0,49"
Furious Nethergeist,Desconhecido,Desconhecido,Desconhecido,1,"R$ 0,49","R$ 0,00","R$ 0,00","R$ 0,49"
Song of the Bluebird,Desconhecido,Desconhecido,Desconhecido,1,"R$ 0,48","R$ 0,00","R$ 0,00","R$ 0,48"
Whispers of the Damned Belt,Desconhecido,Desconhecido,Desconhecido,1,"R$ 0,50","R$ 0,03","R$ 0,00","R$ 0,47"
Crown of the Condor - Armor,Desconhecido,Desconhecido,Desconhecido,1,"R$ 0,47","R$ 0,00","R$ 0,00","R$ 0,47"
Ghillied Gunman Cape,Desconhecido,Desconhecido,Desconhecido,1,"R$ 0,47","R$ 0,00","R$ 0,00","R$ 0,47"
Winged Guardian,Desconhecido,Desconhecido,Desconhecido,1,"R$ 0,46","R$ 0,00","R$ 0,00","R$ 0,46"
The International 2014 Music Pack,Desconhecido,Desconhecido,Desconhecido,1,"R$ 0,46","R$ 0,00","R$ 0,00","R$ 0,46"
The International 2021 HUD,Desconhecido,Desconhecido,Desconhecido,2,"R$ 0,46","R$ 0,00","R$ 0,00","R$ 0,46"
Steed of the Brinebred Cavalier,Desconhecido,Desconhecido,Desconhecido,2,"R$ 0,45","R$ 0,00","R$ 0,00","R$ 0,45"
Gifts of the Vanished Isle Legs,Desconhecido,Desconhecido,Desconhecido,1,"R$ 0,45","R$ 0,00","R$ 0,00","R$ 0,45"
Announcer: Crystal Maiden,Desconhecido,Desconhecido,Desconhecido,2,"R$ 0,52","R$ 0,07","R$ 0,00","R$ 0,45"
Heinous Exultation,Desconhecido,Desconhecido,Desconhecido,2,"R$ 0,45","R$ 0,01","R$ 0,00","R$ 0,44"
Imperial Ember,Desconhecido,Desconhecido,Desconhecido,1,"R$ 0,44","R$ 0,00","R$ 0,00","R$ 0,44"
Distinguished Forgemaster,Desconhecido,Desconhecido,Desconhecido,3,"R$ 0,44","R$ 0,00","R$ 0,00","R$ 0,44"
Black Ice Constellation - Legs,Desconhecido,Desconhecido,Desconhecido,2,"R$ 0,84","R$ 0,40","R$ 0,00","R$ 0,44"
Everglyph Goggles,Desconhecido,Desconhecido,Desconhecido,6,"R$ 0,53","R$ 0,09","R$ 0,00","R$ 0,44"
Battle Pass 2022 HUD,Desconhecido,Desconhecido,Desconhecido,5,"R$ 0,43","R$ 0,00","R$ 0,00","R$ 0,43"
Doll of the Dead's Dagger,Desconhecido,Desconhecido,Desconhecido,2,"R$ 0,43","R$ 0,00","R$ 0,00","R$ 0,43"
Unbroken Stallion Cursor Pack,Desconhecido,Desconhecido,Desconhecido,1,"R$ 0,43","R$ 0,00","R$ 0,00","R$ 0,43"
The International 2016 Cursor Pack,Desconhecido,Desconhecido,Desconhecido,1,"R$ 0,42","R$ 0,00","R$ 0,00","R$ 0,42"
The Orb of Aktok,Desconhecido,Desconhecido,Desconhecido,5,"R$ 0,44","R$ 0,03","R$ 0,00","R$ 0,41"
The International 2015 HUD,Desconhecido,Desconhecido,Desconhecido,4,"R$ 0,41","R$ 0,00","R$ 0,00","R$ 0,41"
Song of the Solstice,Desconhecido,Desconhecido,Desconhecido,1,"R$ 0,41","R$ 0,00","R$ 0,00","R$ 0,41"
Legacy of Infernal Wings,Desconhecido,Desconhecido,Desconhecido,1,"R$ 0,41","R$ 0,00","R$ 0,00","R$ 0,41"
Spring Lineage Familiars of Glorious Inspiration,Desconhecido,Desconhecido,Desconhecido,1,"R$ 0,42","R$ 0,01","R$ 0,00","R$ 0,41"
Whispering Wings - Offhand Weapon,Desconhecido,Desconhecido,Desconhecido,1,"R$ 0,41","R$ 0,00","R$ 0,00","R$ 0,41"
Thunderbird - Head,Desconhecido,Desconhecido,Desconhecido,1,"R$ 0,41","R$ 0,00","R$ 0,00","R$ 0,41"
Fall 2016 Battle Pass Loading Screen III,Desconhecido,Desconhecido,Desconhecido,1,"R$ 0,43","R$ 0,02","R$ 0,00","R$ 0,41"
Compendium Bone Crusher of the Trapper,Desconhecido,Desconhecido,Desconhecido,1,"R$ 0,41","R$ 0,01","R$ 0,00","R$ 0,40"
Frostivus 2023 Treasure Chest,Desconhecido,Desconhecido,Desconhecido,3,"R$ 0,44","R$ 0,04","R$ 0,00","R$ 0,40"
Rough Rider's Muggin' Mask,Desconhecido,Desconhecido,Desconhecido,2,"R$ 0,39","R$ 0,00","R$ 0,00","R$ 0,39"
Jolly Roger Loading Screen,Desconhecido,Desconhecido,Desconhecido,1,"R$ 0,39","R$ 0,00","R$ 0,00","R$ 0,39"
Cunning Cultivations Mask,Desconhecido,Desconhecido,Desconhecido,1,"R$ 0,54","R$ 0,15","R$ 0,00","R$ 0,39"
Vespoid Stalker Back,Desconhecido,Desconhecido,Desconhecido,1,"R$ 0,54","R$ 0,15","R$ 0,00","R$ 0,39"
Glaives of the Winged Sentinel,Desconhecido,Desconhecido,Desconhecido,2,"R$ 0,38","R$ 0,00","R$ 0,00","R$ 0,38"
Team Logo Capsule DPC Top 7-12 - TI 2022,Desconhecido,Desconhecido,Desconhecido,1,"R$ 0,38","R$ 0,00","R$ 0,00","R$ 0,38"
Hook of the Basilisk,Desconhecido,Desconhecido,Desconhecido,1,"R$ 0,38","R$ 0,00","R$ 0,00","R$ 0,38"
Nemestice 2021 Music Pack,Desconhecido,Desconhecido,Desconhecido,1,"R$ 0,37","R$ 0,00","R$ 0,00","R$ 0,37"
Charms of the Firefiend,Desconhecido,Desconhecido,Desconhecido,2,"R$ 0,37","R$ 0,00","R$ 0,00","R$ 0,37"
Arms of the Bogatyr,Desconhecido,Desconhecido,Desconhecido,1,"R$ 0,36","R$ 0,00","R$ 0,00","R$ 0,36"
Taunt: Some Light Horseplay,Desconhecido,Desconhecido,Desconhecido,2,"R$ 1,37","R$ 1,02","R$ 0,00","R$ 0,35"
Astral Origins - Loading Screen,Desconhecido,Desconhecido,Desconhecido,2,"R$ 0,70","R$ 0,35","R$ 0,00","R$ 0,35"
Loading Screen of the Bladeform Aesthete,Desconhecido,Desconhecido,Desconhecido,1,"R$ 0,35","R$ 0,00","R$ 0,00","R$ 0,35"
Bloodbird's Lament - Head,Desconhecido,Desconhecido,Desconhecido,1,"R$ 0,35","R$ 0,00","R$ 0,00","R$ 0,35"
Imperial Ember - Arms,Desconhecido,Desconhecido,Desconhecido,1,"R$ 0,35","R$ 0,00","R$ 0,00","R$ 0,35"
Effigy Block of The Fall 2016 Battle Pass Level II,Desconhecido,Desconhecido,Desconhecido,1,"R$ 2,80","R$ 2,46","R$ 0,00","R$ 0,34"
Sappler the Eager,Desconhecido,Desconhecido,Desconhecido,1,"R$ 0,35","R$ 0,02","R$ 0,00","R$ 0,33"
Dark Meadow Massacre Arms,Desconhecido,Desconhecido,Desconhecido,1,"R$ 0,32","R$ 0,00","R$ 0,00","R$ 0,32"
Detonation HUD,Desconhecido,Desconhecido,Desconhecido,1,"R$ 0,32","R$ 0,00","R$ 0,00","R$ 0,32"
Lineage Ram's Head Blade,Desconhecido,Desconhecido,Desconhecido,1,"R$ 0,32","R$ 0,00","R$ 0,00","R$ 0,32"
Bloomjewel Brawler Loading Screen,Desconhecido,Desconhecido,Desconhecido,1,"R$ 0,32","R$ 0,00","R$ 0,00","R$ 0,32"
Infused Harness of the Forgotten Tactician,Desconhecido,Desconhecido,Desconhecido,1,"R$ 0,32","R$ 0,01","R$ 0,00","R$ 0,31"
Hood of Lucid Torment,Desconhecido,Desconhecido,Desconhecido,1,"R$ 0,42","R$ 0,12","R$ 0,00","R$ 0,30"
Horn of the Magnoceri,Desconhecido,Desconhecido,Desconhecido,1,"R$ 0,32","R$ 0,02","R$ 0,00","R$ 0,30"
Diretide 2020 Cursor Pack,Desconhecido,Desconhecido,Desconhecido,1,"R$ 0,30","R$ 0,00","R$ 0,00","R$ 0,30"
Wings of the Manticore,Desconhecido,Desconhecido,Desconhecido,2,"R$ 0,57","R$ 0,28","R$ 0,00","R$ 0,29"
Keeper of the Nether-Lens - Arms,Desconhecido,Desconhecido,Desconhecido,2,"R$ 0,29","R$ 0,00","R$ 0,00","R$ 0,29"
Auspicious Enduring War Dog,Desconhecido,Desconhecido,Desconhecido,1,"R$ 0,31","R$ 0,02","R$ 0,00","R$ 0,29"
Holo Crownfall Sticker - Zaug's Mother,Desconhecido,Desconhecido,Desconhecido,1,"R$ 0,29","R$ 0,00","R$ 0,00","R$ 0,29"
Dark Willow Announcer Pack,Desconhecido,Desconhecido,Desconhecido,1,"R$ 0,29","R$ 0,00","R$ 0,00","R$ 0,29"
Blacksmith's Blessings,Desconhecido,Desconhecido,Desconhecido,1,"R$ 0,28","R$ 0,00","R$ 0,00","R$ 0,28"
Inscribed Draca Mane,Desconhecido,Desconhecido,Desconhecido,1,"R$ 0,28","R$ 0,00","R$ 0,00","R$ 0,28"
Wargod of the Bladekeeper,Desconhecido,Desconhecido,Desconhecido,1,"R$ 0,27","R$ 0,00","R$ 0,00","R$ 0,27"
Hymn of the Pious Plague Armor,Desconhecido,Desconhecido,Desconhecido,1,"R$ 0,27","R$ 0,00","R$ 0,00","R$ 0,27"
Surgical Precision Buzzsaw,Desconhecido,Desconhecido,Desconhecido,1,"R$ 0,27","R$ 0,00","R$ 0,00","R$ 0,27"
Announcer: Dr. Kleiner,Desconhecido,Desconhecido,Desconhecido,1,"R$ 0,27","R$ 0,00","R$ 0,00","R$ 0,27"
Aurora's Pyre Head,Desconhecido,Desconhecido,Desconhecido,1,"R$ 0,27","R$ 0,00","R$ 0,00","R$ 0,27"
Off-Hand Sword of the Smoldering Sage,Desconhecido,Desconhecido,Desconhecido,1,"R$ 1,17","R$ 0,90","R$ 0,00","R$ 0,27"
Formed Alloy Blades,Desconhecido,Desconhecido,Desconhecido,1,"R$ 0,27","R$ 0,00","R$ 0,00","R$ 0,27"
Iron Cage,Desconhecido,Desconhecido,Desconhecido,1,"R$ 0,28","R$ 0,01","R$ 0,00","R$ 0,27"
Pauldrons of the Fire Dragon,Desconhecido,Desconhecido,Desconhecido,1,"R$ 0,27","R$ 0,00","R$ 0,00","R$ 0,27"
Mask of the Wandering Demon,Desconhecido,Desconhecido,Desconhecido,1,"R$ 0,27","R$ 0,00","R$ 0,00","R$ 0,27"
Winter Lineage Blade of the Primeval Predator,Desconhecido,Desconhecido,Desconhecido,1,"R$ 0,27","R$ 0,00","R$ 0,00","R$ 0,27"
Cloak of the Battleranger,Desconhecido,Desconhecido,Desconhecido,1,"R$ 0,32","R$ 0,06","R$ 0,00","R$ 0,26"
Sea Dragon's Basher,Desconhecido,Desconhecido,Desconhecido,1,"R$ 0,36","R$ 0,10","R$ 0,00","R$ 0,26"
Oaths of the Beloved,Desconhecido,Desconhecido,Desconhecido,1,"R$ 0,26","R$ 0,00","R$ 0,00","R$ 0,26"
Claw of the Umizar Crawler,Desconhecido,Desconhecido,Desconhecido,1,"R$ 0,36","R$ 0,10","R$ 0,00","R$ 0,26"
Winter Lineage Helm of the Primeval Predator,Desconhecido,Desconhecido,Desconhecido,1,"R$ 0,36","R$ 0,10","R$ 0,00","R$ 0,26"
Vespoid Stalker Arms,Desconhecido,Desconhecido,Desconhecido,1,"R$ 0,36","R$ 0,10","R$ 0,00","R$ 0,26"
Shifty Minnow,Desconhecido,Desconhecido,Desconhecido,2,"R$ 0,25","R$ 0,00","R$ 0,00","R$ 0,25"
Tigress of the Dark Moon Stalker,Desconhecido,Desconhecido,Desconhecido,1,"R$ 0,26","R$ 0,01","R$ 0,00","R$ 0,25"
Doll of the Dead's Head,Desconhecido,Desconhecido,Desconhecido,1,"R$ 0,25","R$ 0,00","R$ 0,00","R$ 0,25"
Mask of a Thousand Faces,Desconhecido,Desconhecido,Desconhecido,1,"R$ 0,25","R$ 0,00","R$ 0,00","R$ 0,25"
Genuine Lieutenant Squawkins,Desconhecido,Desconhecido,Desconhecido,1,"R$ 0,26","R$ 0,01","R$ 0,00","R$ 0,25"
Taunt: Dirt Surfer,Desconhecido,Desconhecido,Desconhecido,1,"R$ 0,25","R$ 0,00","R$ 0,00","R$ 0,25"
Whispering Wings - Head,Desconhecido,Desconhecido,Desconhecido,1,"R$ 0,41","R$ 0,16","R$ 0,00","R$ 0,25"
Prismatic Drake,Desconhecido,Desconhecido,Desconhecido,4,"R$ 0,24","R$ 0,00","R$ 0,00","R$ 0,24"
Bloodbird's Lament - Belt,Desconhecido,Desconhecido,Desconhecido,1,"R$ 0,24","R$ 0,00","R$ 0,00","R$ 0,24"
Taunt: We Have Liftoff,Desconhecido,Desconhecido,Desconhecido,1,"R$ 0,24","R$ 0,00","R$ 0,00","R$ 0,24"
Cursed Spell Surveyor,Desconhecido,Desconhecido,Desconhecido,1,"R$ 0,24","R$ 0,00","R$ 0,00","R$ 0,24"
Swine Helmet,Desconhecido,Desconhecido,Desconhecido,1,"R$ 1,07","R$ 0,84","R$ 0,00","R$ 0,23"
Heat of the Sixth Hell,Desconhecido,Desconhecido,Desconhecido,1,"R$ 0,23","R$ 0,00","R$ 0,00","R$ 0,23"
International 2023 - Loading Screen Treasure,Desconhecido,Desconhecido,Desconhecido,1,"R$ 0,23","R$ 0,00","R$ 0,00","R$ 0,23"
Armor of the Stalwart Soul,Desconhecido,Desconhecido,Desconhecido,1,"R$ 0,23","R$ 0,00","R$ 0,00","R$ 0,23"
Mega-Kills: Dark Willow,Desconhecido,Desconhecido,Desconhecido,1,"R$ 0,23","R$ 0,00","R$ 0,00","R$ 0,23"
The World Splitter,Desconhecido,Desconhecido,Desconhecido,1,"R$ 0,23","R$ 0,00","R$ 0,00","R$ 0,23"
Tines of the Pyrexae - Head,Desconhecido,Desconhecido,Desconhecido,1,"R$ 0,24","R$ 0,02","R$ 0,00","R$ 0,22"
Inscribed Mask of Mortis,Desconhecido,Desconhecido,Desconhecido,1,"R$ 0,43","R$ 0,21","R$ 0,00","R$ 0,22"
Swine Visor,Desconhecido,Desconhecido,Desconhecido,1,"R$ 0,99","R$ 0,77","R$ 0,00","R$ 0,22"
Shagbark,Desconhecido,Desconhecido,Desconhecido,3,"R$ 0,24","R$ 0,03","R$ 0,00","R$ 0,21"
Tines of the Pyrexae - Tail,Desconhecido,Desconhecido,Desconhecido,1,"R$ 0,21","R$ 0,00","R$ 0,00","R$ 0,21"
Curse of the Malignant Corruption Set,Desconhecido,Desconhecido,Desconhecido,1,"R$ 0,21","R$ 0,00","R$ 0,00","R$ 0,21"
Taunt: Melon Massacre,Desconhecido,Desconhecido,Desconhecido,1,"R$ 0,21","R$ 0,00","R$ 0,00","R$ 0,21"
Back Buoy of the Shoreline Sapper,Desconhecido,Desconhecido,Desconhecido,1,"R$ 0,21","R$ 0,00","R$ 0,00","R$ 0,21"
Desert Gale Set,Desconhecido,Desconhecido,Desconhecido,1,"R$ 0,21","R$ 0,00","R$ 0,00","R$ 0,21"
Axe of the Proven,Desconhecido,Desconhecido,Desconhecido,2,"R$ 0,19","R$ 0,00","R$ 0,00","R$ 0,19"
Shell of the Umizar Crawler,Desconhecido,Desconhecido,Desconhecido,1,"R$ 0,27","R$ 0,08","R$ 0,00","R$ 0,19"
Swine Powder Barrel,Desconhecido,Desconhecido,Desconhecido,1,"R$ 0,86","R$ 0,67","R$ 0,00","R$ 0,19"
Dreaded Greevil,Desconhecido,Desconhecido,Desconhecido,3,"R$ 0,19","R$ 0,00","R$ 0,00","R$ 0,19"
Highborn Heretic - Head,Desconhecido,Desconhecido,Desconhecido,1,"R$ 0,19","R$ 0,00","R$ 0,00","R$ 0,19"
Infernal Wings,Desconhecido,Desconhecido,Desconhecido,1,"R$ 0,19","R$ 0,00","R$ 0,00","R$ 0,19"
Reflection of the Surging Stream - Misc,Desconhecido,Desconhecido,Desconhecido,1,"R$ 0,81","R$ 0,62","R$ 0,00","R$ 0,19"
Herald of Frost and Flame - Flame Head,Desconhecido,Desconhecido,Desconhecido,1,"R$ 0,27","R$ 0,08","R$ 0,00","R$ 0,19"
Lieutenant Squawkins,Desconhecido,Desconhecido,Desconhecido,2,"R$ 0,19","R$ 0,00","R$ 0,00","R$ 0,19"
Plague Baron Wand,Desconhecido,Desconhecido,Desconhecido,1,"R$ 0,27","R$ 0,08","R$ 0,00","R$ 0,19"
Sword of the Smoldering Sage,Desconhecido,Desconhecido,Desconhecido,1,"R$ 0,81","R$ 0,62","R$ 0,00","R$ 0,19"
Redhorn,Desconhecido,Desconhecido,Desconhecido,1,"R$ 0,18","R$ 0,00","R$ 0,00","R$ 0,18"
Eyes in the Endless Dark - Head,Desconhecido,Desconhecido,Desconhecido,1,"R$ 0,18","R$ 0,00","R$ 0,00","R$ 0,18"
Barding of the Proven,Desconhecido,Desconhecido,Desconhecido,1,"R$ 0,18","R$ 0,00","R$ 0,00","R$ 0,18"
Molten Bore - Armor,Desconhecido,Desconhecido,Desconhecido,1,"R$ 0,18","R$ 0,00","R$ 0,00","R$ 0,18"
Infused Blade of Prismatic Grace,Desconhecido,Desconhecido,Desconhecido,1,"R$ 0,18","R$ 0,00","R$ 0,00","R$ 0,18"
Crescent,Desconhecido,Desconhecido,Desconhecido,1,"R$ 0,18","R$ 0,00","R$ 0,00","R$ 0,18"
Vestments of the Exiled Ronin,Desconhecido,Desconhecido,Desconhecido,1,"R$ 0,18","R$ 0,00","R$ 0,00","R$ 0,18"
Avatars of Aktok,Desconhecido,Desconhecido,Desconhecido,3,"R$ 0,26","R$ 0,09","R$ 0,00","R$ 0,17"
International 2024 Loading Screen IV,Desconhecido,Desconhecido,Desconhecido,1,"R$ 0,16","R$ 0,00","R$ 0,00","R$ 0,16"
Mega-Kills: Kunkka & Tidehunter,Desconhecido,Desconhecido,Desconhecido,1,"R$ 0,16","R$ 0,00","R$ 0,00","R$ 0,16"
Winter Lineage Off-Hand Blade of the Primeval Predator,Desconhecido,Desconhecido,Desconhecido,1,"R$ 0,23","R$ 0,07","R$ 0,00","R$ 0,16"
Keeper of the Nether-Lens - Belt,Desconhecido,Desconhecido,Desconhecido,2,"R$ 0,16","R$ 0,00","R$ 0,00","R$ 0,16"
Tahlin Occult Set,Desconhecido,Desconhecido,Desconhecido,1,"R$ 0,16","R$ 0,00","R$ 0,00","R$ 0,16"
Genuine Krane the Enlightened,Desconhecido,Desconhecido,Desconhecido,1,"R$ 0,16","R$ 0,00","R$ 0,00","R$ 0,16"
Songs of the Caravan Music Pack,Desconhecido,Desconhecido,Desconhecido,1,"R$ 0,16","R$ 0,00","R$ 0,00","R$ 0,16"
Deathripper,Desconhecido,Desconhecido,Desconhecido,3,"R$ 0,16","R$ 0,00","R$ 0,00","R$ 0,16"
Keeper of the Nether-Lens - Shoulder,Desconhecido,Desconhecido,Desconhecido,1,"R$ 0,15","R$ 0,00","R$ 0,00","R$ 0,15"
Genuine Triumph,Desconhecido,Desconhecido,Desconhecido,1,"R$ 0,15","R$ 0,00","R$ 0,00","R$ 0,15"
Whispering Wings - Arms,Desconhecido,Desconhecido,Desconhecido,1,"R$ 0,24","R$ 0,09","R$ 0,00","R$ 0,15"
Driftwood,Desconhecido,Desconhecido,Desconhecido,1,"R$ 0,25","R$ 0,10","R$ 0,00","R$ 0,15"
Coco the Courageous,Desconhecido,Desconhecido,Desconhecido,2,"R$ 0,14","R$ 0,00","R$ 0,00","R$ 0,14"
Inscribed Everglyph Goggles,Desconhecido,Desconhecido,Desconhecido,1,"R$ 0,14","R$ 0,00","R$ 0,00","R$ 0,14"
Bracers of the Sunken Gaoler,Desconhecido,Desconhecido,Desconhecido,1,"R$ 0,14","R$ 0,00","R$ 0,00","R$ 0,14"
Loading Screen of Grim Reformation,Desconhecido,Desconhecido,Desconhecido,1,"R$ 0,14","R$ 0,00","R$ 0,00","R$ 0,14"
Krane the Enlightened,Desconhecido,Desconhecido,Desconhecido,1,"R$ 0,14","R$ 0,00","R$ 0,00","R$ 0,14"
Tiny Scarlet Quarry,Desconhecido,Desconhecido,Desconhecido,1,"R$ 0,42","R$ 0,29","R$ 0,00","R$ 0,13"
Twilight Legions,Desconhecido,Desconhecido,Desconhecido,1,"R$ 0,14","R$ 0,01","R$ 0,00","R$ 0,13"
Style of the Battleranger,Desconhecido,Desconhecido,Desconhecido,1,"R$ 0,16","R$ 0,03","R$ 0,00","R$ 0,13"
Bulwark of the Rogue Knight,Desconhecido,Desconhecido,Desconhecido,1,"R$ 0,18","R$ 0,06","R$ 0,00","R$ 0,12"
Taunt: Bathed in the Glow,Desconhecido,Desconhecido,Desconhecido,1,"R$ 5,40","R$ 5,28","R$ 0,00","R$ 0,12"
Hallowed Chest of the Diretide,Desconhecido,Desconhecido,Desconhecido,1,"R$ 0,12","R$ 0,00","R$ 0,00","R$ 0,12"
Porcine Princess Penelope,Desconhecido,Desconhecido,Desconhecido,2,"R$ 0,12","R$ 0,00","R$ 0,00","R$ 0,12"
Inscribed Mournful Reverie,Desconhecido,Desconhecido,Desconhecido,1,"R$ 1,05","R$ 0,93","R$ 0,00","R$ 0,12"
Watchful Wyrm,Desconhecido,Desconhecido,Desconhecido,1,"R$ 0,12","R$ 0,00","R$ 0,00","R$ 0,12"
Eyes in the Endless Dark - Belt,Desconhecido,Desconhecido,Desconhecido,1,"R$ 0,11","R$ 0,00","R$ 0,00","R$ 0,11"
Keeper of the Nether-Lens - Back,Desconhecido,Desconhecido,Desconhecido,1,"R$ 0,11","R$ 0,00","R$ 0,00","R$ 0,11"
Helm of the Rain Forest Refugee,Desconhecido,Desconhecido,Desconhecido,1,"R$ 0,11","R$ 0,00","R$ 0,00","R$ 0,11"
Medium Scarlet Quarry,Desconhecido,Desconhecido,Desconhecido,1,"R$ 0,38","R$ 0,27","R$ 0,00","R$ 0,11"
International 2024 Team Loading Screen - Heroic,Desconhecido,Desconhecido,Desconhecido,1,"R$ 0,15","R$ 0,04","R$ 0,00","R$ 0,11"
Cursed Masks of Ancestral Luck,Desconhecido,Desconhecido,Desconhecido,1,"R$ 0,11","R$ 0,00","R$ 0,00","R$ 0,11"
Battle Pass 2022 Loading Screen IV,Desconhecido,Desconhecido,Desconhecido,2,"R$ 0,10","R$ 0,00","R$ 0,00","R$ 0,10"
Bloodbird's Lament - Shoulder,Desconhecido,Desconhecido,Desconhecido,1,"R$ 0,10","R$ 0,00","R$ 0,00","R$ 0,10"
Zaru'Kina Protector's Hair,Desconhecido,Desconhecido,Desconhecido,1,"R$ 0,17","R$ 0,07","R$ 0,00","R$ 0,10"
Wings of Imperium - Armor,Desconhecido,Desconhecido,Desconhecido,1,"R$ 0,10","R$ 0,00","R$ 0,00","R$ 0,10"
Helm of the Primeval Predator,Desconhecido,Desconhecido,Desconhecido,1,"R$ 0,10","R$ 0,00","R$ 0,00","R$ 0,10"
Reflection of the Surging Stream - Back,Desconhecido,Desconhecido,Desconhecido,1,"R$ 0,45","R$ 0,35","R$ 0,00","R$ 0,10"
Tail of Unfettered Malevolence,Desconhecido,Desconhecido,Desconhecido,1,"R$ 0,10","R$ 0,00","R$ 0,00","R$ 0,10"
Greedy Greevil,Desconhecido,Desconhecido,Desconhecido,1,"R$ 0,11","R$ 0,01","R$ 0,00","R$ 0,10"
Tail of the Ferocious Toxicant,Desconhecido,Desconhecido,Desconhecido,1,"R$ 0,09","R$ 0,00","R$ 0,00","R$ 0,09"
Volcanic Sanctuary,Desconhecido,Desconhecido,Desconhecido,1,"R$ 0,09","R$ 0,00","R$ 0,00","R$ 0,09"
Crownfall Sticker - Bibbit,Desconhecido,Desconhecido,Desconhecido,1,"R$ 0,09","R$ 0,00","R$ 0,00","R$ 0,09"
Wings of Blight,Desconhecido,Desconhecido,Desconhecido,1,"R$ 0,09","R$ 0,00","R$ 0,00","R$ 0,09"
Firestarter,Desconhecido,Desconhecido,Desconhecido,1,"R$ 0,09","R$ 0,00","R$ 0,00","R$ 0,09"
Jewels of Anamnessa - Weapon,Desconhecido,Desconhecido,Desconhecido,1,"R$ 0,09","R$ 0,00","R$ 0,00","R$ 0,09"
Nether Lord's Regalia Set,Desconhecido,Desconhecido,Desconhecido,1,"R$ 0,09","R$ 0,00","R$ 0,00","R$ 0,09"
Witch Staff,Desconhecido,Desconhecido,Desconhecido,1,"R$ 0,09","R$ 0,00","R$ 0,00","R$ 0,09"
Bow of the Howling Wind,Desconhecido,Desconhecido,Desconhecido,1,"R$ 0,09","R$ 0,00","R$ 0,00","R$ 0,09"
Mace of the Fissured Soul,Desconhecido,Desconhecido,Desconhecido,1,"R$ 0,10","R$ 0,01","R$ 0,00","R$ 0,09"
Vestments of the Ten Plagues Shoulders,Desconhecido,Desconhecido,Desconhecido,1,"R$ 0,09","R$ 0,00","R$ 0,00","R$ 0,09"
Chest of Endless Days,Desconhecido,Desconhecido,Desconhecido,2,"R$ 0,09","R$ 0,00","R$ 0,00","R$ 0,09"
Glitter Crownfall Sticker - Centaur,Desconhecido,Desconhecido,Desconhecido,1,"R$ 0,08","R$ 0,00","R$ 0,00","R$ 0,08"
Auspicious Wings of Blight,Desconhecido,Desconhecido,Desconhecido,1,"R$ 0,08","R$ 0,00","R$ 0,00","R$ 0,08"
Reflection of the Surging Stream,Desconhecido,Desconhecido,Desconhecido,1,"R$ 0,36","R$ 0,28","R$ 0,00","R$ 0,08"
Deepest Depths,Desconhecido,Desconhecido,Desconhecido,1,"R$ 0,08","R$ 0,00","R$ 0,00","R$ 0,08"
International 2023 Loading Screen II,Desconhecido,Desconhecido,Desconhecido,1,"R$ 0,07","R$ 0,00","R$ 0,00","R$ 0,07"
Glitter Crownfall Sticker - Brother Terrence,Desconhecido,Desconhecido,Desconhecido,1,"R$ 0,07","R$ 0,00","R$ 0,00","R$ 0,07"
Eyes in the Endless Dark - Arms,Desconhecido,Desconhecido,Desconhecido,1,"R$ 0,07","R$ 0,00","R$ 0,00","R$ 0,07"
Rightful Heir,Desconhecido,Desconhecido,Desconhecido,1,"R$ 0,10","R$ 0,03","R$ 0,00","R$ 0,07"
Cursed Flamestitched Suitings Cape,Desconhecido,Desconhecido,Desconhecido,1,"R$ 0,07","R$ 0,00","R$ 0,00","R$ 0,07"
Crownfall Sticker - Riki,Desconhecido,Desconhecido,Desconhecido,1,"R$ 0,07","R$ 0,00","R$ 0,00","R$ 0,07"
Cave Johnson Announcer Pack,Desconhecido,Desconhecido,Desconhecido,1,"R$ 0,07","R$ 0,00","R$ 0,00","R$ 0,07"
Mok,Desconhecido,Desconhecido,Desconhecido,1,"R$ 0,07","R$ 0,00","R$ 0,00","R$ 0,07"
Crownfall Sticker - Sherrid The Matchmaker,Desconhecido,Desconhecido,Desconhecido,1,"R$ 0,07","R$ 0,00","R$ 0,00","R$ 0,07"
Arsenal Forge,Desconhecido,Desconhecido,Desconhecido,1,"R$ 0,07","R$ 0,00","R$ 0,00","R$ 0,07"
Razor Spines of the Sunken Gaoler,Desconhecido,Desconhecido,Desconhecido,1,"R$ 0,07","R$ 0,00","R$ 0,00","R$ 0,07"
Crownfall Sticker - Shen - Freezing,Desconhecido,Desconhecido,Desconhecido,1,"R$ 0,07","R$ 0,00","R$ 0,00","R$ 0,07"
Victorious Fighting Scoundrel - Armor,Desconhecido,Desconhecido,Desconhecido,1,"R$ 3,33","R$ 3,26","R$ 0,00","R$ 0,07"
International 2023 Loading Screen III,Desconhecido,Desconhecido,Desconhecido,1,"R$ 0,06","R$ 0,00","R$ 0,00","R$ 0,06"
Crownfall Sticker - Skeleton Ancestors,Desconhecido,Desconhecido,Desconhecido,1,"R$ 0,06","R$ 0,00","R$ 0,00","R$ 0,06"
Oaths of the Beloved - Head,Desconhecido,Desconhecido,Desconhecido,1,"R$ 0,06","R$ 0,00","R$ 0,00","R$ 0,06"
Crownfall Sticker - Zaug's Mother,Desconhecido,Desconhecido,Desconhecido,1,"R$ 0,06","R$ 0,00","R$ 0,00","R$ 0,06"
Crownfall Sticker - Mortimer,Desconhecido,Desconhecido,Desconhecido,1,"R$ 0,06","R$ 0,00","R$ 0,00","R$ 0,06"
Battle Pass 2022 Loading Screen II,Desconhecido,Desconhecido,Desconhecido,1,"R$ 0,06","R$ 0,00","R$ 0,00","R$ 0,06"
Glitter Crownfall Sticker - Divine Developer,Desconhecido,Desconhecido,Desconhecido,1,"R$ 0,06","R$ 0,00","R$ 0,00","R$ 0,06"
Arnabus the Fairy Rabbit,Desconhecido,Desconhecido,Desconhecido,1,"R$ 0,06","R$ 0,00","R$ 0,00","R$ 0,06"
Crownfall Sticker - Winter Wyvern,Desconhecido,Desconhecido,Desconhecido,1,"R$ 0,06","R$ 0,00","R$ 0,00","R$ 0,06"
Crownfall Sticker - Spleen,Desconhecido,Desconhecido,Desconhecido,1,"R$ 0,06","R$ 0,00","R$ 0,00","R$ 0,06"
The Reading Palms,Desconhecido,Desconhecido,Desconhecido,1,"R$ 0,06","R$ 0,00","R$ 0,00","R$ 0,06"
Crownfall Sticker - Shen,Desconhecido,Desconhecido,Desconhecido,1,"R$ 0,06","R$ 0,00","R$ 0,00","R$ 0,06"
Crownfall Sticker - Gondar (Skeleton),Desconhecido,Desconhecido,Desconhecido,1,"R$ 0,06","R$ 0,00","R$ 0,00","R$ 0,06"
Glitter Crownfall Sticker - Batrider,Desconhecido,Desconhecido,Desconhecido,1,"R$ 0,06","R$ 0,00","R$ 0,00","R$ 0,06"
Firestarter Gas Pump,Desconhecido,Desconhecido,Desconhecido,1,"R$ 0,06","R$ 0,00","R$ 0,00","R$ 0,06"
Mantle of the Smoldering Sage,Desconhecido,Desconhecido,Desconhecido,1,"R$ 0,27","R$ 0,21","R$ 0,00","R$ 0,06"
Crownfall Sticker - Pecking Post Goon,Desconhecido,Desconhecido,Desconhecido,1,"R$ 0,06","R$ 0,00","R$ 0,00","R$ 0,06"
Umbral Virtue,Desconhecido,Desconhecido,Desconhecido,1,"R$ 0,09","R$ 0,03","R$ 0,00","R$ 0,06"
Gifts of the Greevils Loading Screen,Desconhecido,Desconhecido,Desconhecido,1,"R$ 0,06","R$ 0,00","R$ 0,00","R$ 0,06"
Belt of the Proven,Desconhecido,Desconhecido,Desconhecido,1,"R$ 0,06","R$ 0,00","R$ 0,00","R$ 0,06"
Bracers of the Proven,Desconhecido,Desconhecido,Desconhecido,1,"R$ 0,06","R$ 0,00","R$ 0,00","R$ 0,06"
Plates of the Sunken Gaoler,Desconhecido,Desconhecido,Desconhecido,1,"R$ 0,06","R$ 0,00","R$ 0,00","R$ 0,06"
Crownfall Sticker - Pak'Rajul,Desconhecido,Desconhecido,Desconhecido,1,"R$ 0,06","R$ 0,00","R$ 0,00","R$ 0,06"
Cape of the Brinebred Cavalier,Desconhecido,Desconhecido,Desconhecido,1,"R$ 0,05","R$ 0,00","R$ 0,00","R$ 0,05"
Nightwatcher's Belt,Desconhecido,Desconhecido,Desconhecido,1,"R$ 0,05","R$ 0,00","R$ 0,00","R$ 0,05"
Armor of the Proven,Desconhecido,Desconhecido,Desconhecido,1,"R$ 0,05","R$ 0,00","R$ 0,00","R$ 0,05"
Crownfall Sticker - Kez,Desconhecido,Desconhecido,Desconhecido,1,"R$ 0,05","R$ 0,00","R$ 0,00","R$ 0,05"
International 2023 Team Loading Screen - BetBoom Team,Desconhecido,Desconhecido,Desconhecido,1,"R$ 0,05","R$ 0,00","R$ 0,00","R$ 0,05"
International 2023 Team Loading Screen - Team SMG,Desconhecido,Desconhecido,Desconhecido,1,"R$ 0,05","R$ 0,00","R$ 0,00","R$ 0,05"
Twilight Legions - Head,Desconhecido,Desconhecido,Desconhecido,1,"R$ 0,05","R$ 0,00","R$ 0,00","R$ 0,05"
International 2023 Team Loading Screen - LGD,Desconhecido,Desconhecido,Desconhecido,1,"R$ 0,05","R$ 0,00","R$ 0,00","R$ 0,05"
Crownfall Sticker - Fassit the Candlemaker,Desconhecido,Desconhecido,Desconhecido,1,"R$ 0,05","R$ 0,00","R$ 0,00","R$ 0,05"
Crownfall Sticker - Bloodseeker,Desconhecido,Desconhecido,Desconhecido,1,"R$ 0,05","R$ 0,00","R$ 0,00","R$ 0,05"
Eyes in the Endless Dark - Serpent Wards,Desconhecido,Desconhecido,Desconhecido,1,"R$ 0,05","R$ 0,00","R$ 0,00","R$ 0,05"
Frostivus 2023 Sticker - Sniper,Desconhecido,Desconhecido,Desconhecido,1,"R$ 0,05","R$ 0,00","R$ 0,00","R$ 0,05"
International 2023 Loading Screen VI,Desconhecido,Desconhecido,Desconhecido,1,"R$ 0,05","R$ 0,00","R$ 0,00","R$ 0,05"
Quiver of the Battleranger,Desconhecido,Desconhecido,Desconhecido,1,"R$ 0,06","R$ 0,01","R$ 0,00","R$ 0,05"
International 2023 Team Loading Screen - beastcoast,Desconhecido,Desconhecido,Desconhecido,1,"R$ 0,05","R$ 0,00","R$ 0,00","R$ 0,05"
Glitter Crownfall Sticker - Spoon (Bombs),Desconhecido,Desconhecido,Desconhecido,1,"R$ 0,05","R$ 0,00","R$ 0,00","R$ 0,05"
International 2025 Team Loading Screen - Team Tidebound,Desconhecido,Desconhecido,Desconhecido,1,"R$ 0,04","R$ 0,00","R$ 0,00","R$ 0,04"
Pauldrons of the Brinebred Cavalier,Desconhecido,Desconhecido,Desconhecido,1,"R$ 0,04","R$ 0,00","R$ 0,00","R$ 0,04"
Taunt: Blades of Gory,Desconhecido,Desconhecido,Desconhecido,1,"R$ 0,04","R$ 0,00","R$ 0,00","R$ 0,04"
International 2023 Team Loading Screen - Virtus.pro,Desconhecido,Desconhecido,Desconhecido,1,"R$ 0,04","R$ 0,00","R$ 0,00","R$ 0,04"
Frostivus 2023 Sticker - Pudges Lap,Desconhecido,Desconhecido,Desconhecido,1,"R$ 0,04","R$ 0,00","R$ 0,00","R$ 0,04"
Highborn Heretic - Weapon,Desconhecido,Desconhecido,Desconhecido,1,"R$ 0,03","R$ 0,00","R$ 0,00","R$ 0,03"
Highborn Heretic - Back,Desconhecido,Desconhecido,Desconhecido,1,"R$ 0,03","R$ 0,00","R$ 0,00","R$ 0,03"
Highborn Heretic - Arms,Desconhecido,Desconhecido,Desconhecido,1,"R$ 0,03","R$ 0,00","R$ 0,00","R$ 0,03"
Highborn Heretic - Shoulder,Desconhecido,Desconhecido,Desconhecido,1,"R$ 0,03","R$ 0,00","R$ 0,00","R$ 0,03"
Highborn Heretic - Belt,Desconhecido,Desconhecido,Desconhecido,1,"R$ 0,03","R$ 0,00","R$ 0,00","R$ 0,03"
Vile Behemoth,Desconhecido,Desconhecido,Desconhecido,1,"R$ 0,09","R$ 0,07","R$ 0,00","R$ 0,02"
Taunt: Hang Loose!,Desconhecido,Desconhecido,Desconhecido,1,"R$ 0,20","R$ 0,19","R$ 0,00","R$ 0,01"
Victorious Fighting Scoundrel - Head,Desconhecido,Desconhecido,Desconhecido,1,"R$ 0,81","R$ 0,80","R$ 0,00","R$ 0,01"
International 2023 Team Loading Screen - Vivo Keyd Stars,Desconhecido,Desconhecido,Desconhecido,1,"R$ 0,05","R$ 0,04","R$ 0,00","R$ 0,01"
Genuine Wing of the Astrorock,Desconhecido,Desconhecido,Desconhecido,1,"R$ 0,64","R$ 0,64","R$ 0,00","R$ 0,00"
Contessa's Creed Hat,Desconhecido,Desconhecido,Desconhecido,1,"R$ 9,90","R$ 9,90","R$ 0,00","R$ 0,00"
Curious Coldspell,Desconhecido,Desconhecido,Desconhecido,1,"R$ 24,50","R$ 24,50","R$ 0,00","R$ 0,00"
Taunt: Joyless Pleasure,Desconhecido,Desconhecido,Desconhecido,1,"R$ 0,09","R$ 0,09","R$ 0,00","R$ 0,00"
Halberd of the Equine Emissary,Desconhecido,Desconhecido,Desconhecido,1,"R$ 0,02","R$ 0,02","R$ 0,00","R$ 0,00"
Holy Words of the Hierophant,Desconhecido,Desconhecido,Desconhecido,1,"R$ 0,14","R$ 0,14","R$ 0,00","R$ 0,00"
Inscribed Floodmask,Desconhecido,Desconhecido,Desconhecido,1,"R$ 23,52","R$ 23,52","R$ 0,00","R$ 0,00"
Taunt: A Sproink in Your Step,Desconhecido,Desconhecido,Desconhecido,1,"R$ 1,00","R$ 1,00","R$ 0,00","R$ 0,00"
Aurora's Pyre Back,Desconhecido,Desconhecido,Desconhecido,1,"R$ 0,39","R$ 0,39","R$ 0,00","R$ 0,00"
Frosty the Sew-Man Head,Desconhecido,Desconhecido,Desconhecido,1,"R$ 9,32","R$ 9,32","R$ 0,00","R$ 0,00"
Crown of Sacred Light,Desconhecido,Desconhecido,Desconhecido,1,"R$ 0,80","R$ 0,80","R$ 0,00","R$ 0,00"
Action Figure,Modelo: Pudge,Desconhecido,Desconhecido,1,"R$ 69,00","R$ 69,00","R$ 0,00","R$ 0,00"
Geodesic Eidolon,Desconhecido,Desconhecido,Desconhecido,1,"R$ 9,98","R$ 9,98","R$ 0,00","R$ 0,00"
Winter Lineage Hunter's Dawn,Desconhecido,Desconhecido,Desconhecido,1,"R$ 2,88","R$ 2,88","R$ 0,00","R$ 0,00"
Mine of the Swooping Elder,Desconhecido,Desconhecido,Desconhecido,1,"R$ 0,32","R$ 0,32","R$ 0,00","R$ 0,00"
Freeboot Fortunes '(30 dias para envio GIFT),Desconhecido,Desconhecido,Desconhecido,1,"R$ 36,00","R$ 36,00","R$ 0,00","R$ 0,00"
Spirit of the Frozen Flow - Head,Desconhecido,Desconhecido,Desconhecido,1,"R$ 0,40","R$ 0,40","R$ 0,00","R$ 0,00"
Inscribed Twilight Schism,Desconhecido,Desconhecido,Desconhecido,1,"R$ 0,89","R$ 0,89","R$ 0,00","R$ 0,00"
Team Sticker Capsule - The International 2023,Desconhecido,Desconhecido,Desconhecido,2,"R$ 0,00","R$ 0,00","R$ 0,00","R$ 0,00"
Auspicious Mega-Kills: GLaDOS,Desconhecido,Desconhecido,Desconhecido,1,"R$ 0,90","R$ 0,90","R$ 0,00","R$ 0,00"
Taunt: Cold Breakfast,Desconhecido,Desconhecido,Desconhecido,1,"R$ 0,50","R$ 0,50","R$ 0,00","R$ 0,00"
Hell's Usher,Desconhecido,Desconhecido,Desconhecido,1,"R$ 12,00","R$ 12,00","R$ 0,00","R$ 0,00"
Taunt: Check This Out!,Desconhecido,Desconhecido,Desconhecido,1,"R$ 1,00","R$ 1,00","R$ 0,00","R$ 0,00"
Shadow in the Deep Dagger,Desconhecido,Desconhecido,Desconhecido,1,"R$ 11,94","R$ 11,94","R$ 0,00","R$ 0,00"
Serpent Ward of Tang-Ki,Desconhecido,Desconhecido,Desconhecido,1,"R$ 0,63","R$ 0,63","R$ 0,00","R$ 0,00"
Holo Cr1t- Player Sticker - TI 2023,Desconhecido,Desconhecido,Desconhecido,1,"R$ 1,03","R$ 1,03","R$ 0,00","R$ 0,00"
Inscribed Beetlebark and Plod,Desconhecido,Desconhecido,Desconhecido,1,"R$ 0,47","R$ 0,47","R$ 0,00","R$ 0,00"
Player Sticker Capsule - The International 2023,Desconhecido,Desconhecido,Desconhecido,2,"R$ 0,00","R$ 0,00","R$ 0,00","R$ 0,00"
Inscribed Elixir of Dragon's Breath,Desconhecido,Desconhecido,Desconhecido,2,"R$ 19,35","R$ 19,35","R$ 0,00","R$ 0,00"
Primal Peacemaker of the Crimson Witness,Desconhecido,Desconhecido,Desconhecido,1,"R$ 0,00","R$ 0,00","R$ 0,00","R$ 0,00"
Crimson Flight of Epiphany,Desconhecido,Desconhecido,Desconhecido,1,"R$ 366,11","R$ 366,11","R$ 0,00","R$ 0,00"
Wretched Guardian,Desconhecido,Desconhecido,Desconhecido,1,"R$ 0,32","R$ 0,32","R$ 0,00","R$ 0,00"
Vanishing Pearl,Desconhecido,Desconhecido,Desconhecido,1,"R$ 0,72","R$ 0,72","R$ 0,00","R$ 0,00"
Frozen Announcer: Trine,Desconhecido,Desconhecido,Desconhecido,1,"R$ 1,20","R$ 1,20","R$ 0,00","R$ 0,00"
Wrath of the Fallen,Desconhecido,Desconhecido,Desconhecido,1,"R$ 0,00","R$ 0,00","R$ 0,00","R$ 0,00"
Glaive of Oscilla,Desconhecido,Desconhecido,Desconhecido,1,"R$ 22,00","R$ 22,00","R$ 0,00","R$ 0,00"
Mace of the Chosen,Desconhecido,Desconhecido,Desconhecido,1,"R$ 19,05","R$ 19,05","R$ 0,00","R$ 0,00"
Golden Full-Bore Bonanza,Desconhecido,Desconhecido,Desconhecido,2,"R$ 0,00","R$ 0,00","R$ 0,00","R$ 0,00"
Perils of the Red Banks,Desconhecido,Desconhecido,Desconhecido,1,"R$ 147,00","R$ 147,00","R$ 0,00","R$ 0,00"
Announcer: Juggernaut,Desconhecido,Desconhecido,Desconhecido,1,"R$ 0,80","R$ 0,80","R$ 0,00","R$ 0,00"
Deathstitch Shaman '(30 dias para envio GIFT),Desconhecido,Desconhecido,Desconhecido,1,"R$ 40,00","R$ 40,00","R$ 0,00","R$ 0,00"
